﻿{"cameraMode":{"drawMode":0,"name":"Shaded","section":"Shading Mode"},"sceneLighting":true,"audioPlay":false,"sceneViewState":{"showFog":true,"showMaterialUpdate":false,"showSkybox":true,"showFlares":true,"showImageEffects":true,"showParticleSystems":true},"in2DMode":false,"pivot":{"x":0.015933215618133546,"y":-0.03650522232055664,"z":0.12000691890716553},"rotation":{"x":0.011961538344621659,"y":-0.980148196220398,"z":0.18780061602592469,"w":0.06242867931723595},"size":3.146200180053711,"orthographic":false}