,u,v
0,127,421
1,127,422
2,127,423
3,127,424
4,127,425
5,128,421
6,128,422
7,128,423
8,128,424
9,128,425
10,129,421
11,129,422
12,129,423
13,129,424
14,129,425
15,130,420
16,130,421
17,130,422
18,130,423
19,130,424
20,130,425
21,130,426
22,131,419
23,131,420
24,131,421
25,131,422
26,131,423
27,131,424
28,131,425
29,131,426
30,132,409
31,132,410
32,132,418
33,132,419
34,132,420
35,132,421
36,132,422
37,132,423
38,132,424
39,132,425
40,132,430
41,132,431
42,132,432
43,132,433
44,132,434
45,133,408
46,133,409
47,133,410
48,133,418
49,133,419
50,133,420
51,133,421
52,133,422
53,133,423
54,133,424
55,133,425
56,133,426
57,133,429
58,133,430
59,133,431
60,133,432
61,133,433
62,133,434
63,134,408
64,134,409
65,134,410
66,134,418
67,134,419
68,134,420
69,134,421
70,134,422
71,134,423
72,134,424
73,134,425
74,134,426
75,134,429
76,134,430
77,134,431
78,134,432
79,134,433
80,134,434
81,135,408
82,135,409
83,135,410
84,135,418
85,135,419
86,135,420
87,135,421
88,135,422
89,135,423
90,135,424
91,135,425
92,135,426
93,135,429
94,135,430
95,135,431
96,135,432
97,135,433
98,135,434
99,136,408
100,136,409
101,136,410
102,136,417
103,136,418
104,136,419
105,136,420
106,136,421
107,136,422
108,136,423
109,136,424
110,136,425
111,136,426
112,136,427
113,136,429
114,136,430
115,136,431
116,136,432
117,136,433
118,136,434
119,136,435
120,136,436
121,137,408
122,137,409
123,137,410
124,137,417
125,137,418
126,137,419
127,137,420
128,137,421
129,137,422
130,137,423
131,137,424
132,137,425
133,137,426
134,137,427
135,137,428
136,137,429
137,137,430
138,137,431
139,137,432
140,137,433
141,137,434
142,137,435
143,137,436
144,138,409
145,138,410
146,138,417
147,138,418
148,138,419
149,138,420
150,138,421
151,138,422
152,138,423
153,138,424
154,138,425
155,138,426
156,138,427
157,138,428
158,138,429
159,138,430
160,138,431
161,138,432
162,138,433
163,138,434
164,138,435
165,138,436
166,138,437
167,138,438
168,138,439
169,138,440
170,139,409
171,139,410
172,139,417
173,139,418
174,139,419
175,139,420
176,139,421
177,139,422
178,139,423
179,139,424
180,139,425
181,139,426
182,139,427
183,139,428
184,139,429
185,139,430
186,139,431
187,139,432
188,139,433
189,139,434
190,139,435
191,139,436
192,139,437
193,139,438
194,139,439
195,139,440
196,140,409
197,140,410
198,140,417
199,140,418
200,140,419
201,140,420
202,140,421
203,140,422
204,140,423
205,140,424
206,140,425
207,140,426
208,140,427
209,140,428
210,140,429
211,140,430
212,140,431
213,140,432
214,140,433
215,140,434
216,140,435
217,140,436
218,140,437
219,140,438
220,140,439
221,140,440
222,141,409
223,141,410
224,141,417
225,141,418
226,141,419
227,141,420
228,141,421
229,141,422
230,141,423
231,141,424
232,141,425
233,141,426
234,141,427
235,141,428
236,141,429
237,141,430
238,141,431
239,141,432
240,141,433
241,141,434
242,141,435
243,141,436
244,141,437
245,141,438
246,141,439
247,141,440
248,141,441
249,142,406
250,142,407
251,142,408
252,142,409
253,142,410
254,142,417
255,142,418
256,142,419
257,142,420
258,142,421
259,142,422
260,142,423
261,142,424
262,142,425
263,142,426
264,142,427
265,142,428
266,142,429
267,142,430
268,142,431
269,142,432
270,142,433
271,142,434
272,142,435
273,142,436
274,142,437
275,142,438
276,142,439
277,142,440
278,142,441
279,142,442
280,143,406
281,143,407
282,143,408
283,143,409
284,143,410
285,143,417
286,143,418
287,143,419
288,143,420
289,143,421
290,143,422
291,143,423
292,143,424
293,143,425
294,143,426
295,143,427
296,143,428
297,143,429
298,143,430
299,143,431
300,143,432
301,143,433
302,143,434
303,143,435
304,143,436
305,143,437
306,143,438
307,143,439
308,143,440
309,143,441
310,143,442
311,143,443
312,144,407
313,144,408
314,144,409
315,144,410
316,144,416
317,144,417
318,144,418
319,144,419
320,144,420
321,144,421
322,144,422
323,144,423
324,144,424
325,144,425
326,144,426
327,144,427
328,144,428
329,144,429
330,144,430
331,144,431
332,144,432
333,144,433
334,144,434
335,144,435
336,144,436
337,144,437
338,144,438
339,144,439
340,144,440
341,144,441
342,144,442
343,144,443
344,145,409
345,145,410
346,145,414
347,145,415
348,145,416
349,145,417
350,145,418
351,145,419
352,145,420
353,145,421
354,145,422
355,145,423
356,145,424
357,145,425
358,145,426
359,145,427
360,145,428
361,145,429
362,145,430
363,145,431
364,145,432
365,145,433
366,145,434
367,145,435
368,145,436
369,145,437
370,145,438
371,145,439
372,145,440
373,145,441
374,145,442
375,145,443
376,146,403
377,146,404
378,146,406
379,146,407
380,146,414
381,146,415
382,146,416
383,146,417
384,146,418
385,146,419
386,146,420
387,146,421
388,146,422
389,146,423
390,146,424
391,146,425
392,146,426
393,146,427
394,146,428
395,146,429
396,146,430
397,146,431
398,146,432
399,146,433
400,146,434
401,146,435
402,146,436
403,146,437
404,146,438
405,146,439
406,146,440
407,146,441
408,146,442
409,146,443
410,147,398
411,147,399
412,147,400
413,147,401
414,147,402
415,147,403
416,147,404
417,147,405
418,147,406
419,147,407
420,147,412
421,147,413
422,147,414
423,147,415
424,147,416
425,147,417
426,147,418
427,147,419
428,147,420
429,147,421
430,147,422
431,147,423
432,147,424
433,147,425
434,147,426
435,147,427
436,147,428
437,147,429
438,147,430
439,147,431
440,147,432
441,147,433
442,147,434
443,147,435
444,147,436
445,147,437
446,147,438
447,147,439
448,147,440
449,147,441
450,147,442
451,147,443
452,148,394
453,148,395
454,148,396
455,148,397
456,148,398
457,148,399
458,148,400
459,148,401
460,148,402
461,148,403
462,148,404
463,148,405
464,148,406
465,148,407
466,148,408
467,148,409
468,148,410
469,148,411
470,148,412
471,148,413
472,148,414
473,148,415
474,148,416
475,148,417
476,148,418
477,148,419
478,148,420
479,148,421
480,148,422
481,148,423
482,148,424
483,148,425
484,148,426
485,148,427
486,148,428
487,148,429
488,148,430
489,148,431
490,148,432
491,148,433
492,148,434
493,148,435
494,148,436
495,148,437
496,148,438
497,148,439
498,148,440
499,148,441
500,148,442
501,148,443
502,149,394
503,149,395
504,149,396
505,149,397
506,149,398
507,149,399
508,149,400
509,149,401
510,149,402
511,149,403
512,149,404
513,149,405
514,149,406
515,149,407
516,149,408
517,149,409
518,149,410
519,149,411
520,149,412
521,149,413
522,149,414
523,149,415
524,149,416
525,149,417
526,149,418
527,149,419
528,149,420
529,149,421
530,149,422
531,149,423
532,149,424
533,149,425
534,149,426
535,149,427
536,149,428
537,149,429
538,149,430
539,149,431
540,149,432
541,149,433
542,149,434
543,149,435
544,149,436
545,149,437
546,149,438
547,149,439
548,149,440
549,149,441
550,149,442
551,149,443
552,150,394
553,150,395
554,150,397
555,150,398
556,150,399
557,150,400
558,150,401
559,150,402
560,150,403
561,150,404
562,150,405
563,150,406
564,150,407
565,150,408
566,150,409
567,150,410
568,150,411
569,150,412
570,150,413
571,150,414
572,150,415
573,150,416
574,150,417
575,150,418
576,150,419
577,150,420
578,150,421
579,150,422
580,150,423
581,150,424
582,150,425
583,150,426
584,150,427
585,150,428
586,150,429
587,150,430
588,150,431
589,150,432
590,150,433
591,150,434
592,150,435
593,150,436
594,150,437
595,150,438
596,150,439
597,150,440
598,150,441
599,150,442
600,150,443
601,151,393
602,151,394
603,151,395
604,151,396
605,151,397
606,151,398
607,151,399
608,151,400
609,151,401
610,151,402
611,151,403
612,151,404
613,151,405
614,151,406
615,151,407
616,151,408
617,151,409
618,151,410
619,151,411
620,151,412
621,151,413
622,151,414
623,151,415
624,151,416
625,151,417
626,151,418
627,151,419
628,151,420
629,151,421
630,151,422
631,151,423
632,151,424
633,151,425
634,151,426
635,151,427
636,151,428
637,151,429
638,151,430
639,151,431
640,151,432
641,151,433
642,151,434
643,151,435
644,151,436
645,151,437
646,151,438
647,151,439
648,151,440
649,151,441
650,151,442
651,151,443
652,152,393
653,152,394
654,152,395
655,152,396
656,152,397
657,152,398
658,152,399
659,152,400
660,152,401
661,152,402
662,152,403
663,152,404
664,152,405
665,152,406
666,152,407
667,152,408
668,152,409
669,152,410
670,152,411
671,152,412
672,152,413
673,152,414
674,152,415
675,152,416
676,152,417
677,152,418
678,152,419
679,152,420
680,152,421
681,152,422
682,152,423
683,152,424
684,152,425
685,152,426
686,152,427
687,152,428
688,152,429
689,152,430
690,152,431
691,152,432
692,152,433
693,152,434
694,152,435
695,152,436
696,152,437
697,152,438
698,152,439
699,152,440
700,152,441
701,152,442
702,152,443
703,152,444
704,153,381
705,153,382
706,153,383
707,153,384
708,153,385
709,153,386
710,153,393
711,153,394
712,153,395
713,153,396
714,153,397
715,153,398
716,153,399
717,153,400
718,153,401
719,153,402
720,153,403
721,153,404
722,153,405
723,153,406
724,153,407
725,153,408
726,153,409
727,153,410
728,153,411
729,153,412
730,153,413
731,153,414
732,153,415
733,153,416
734,153,417
735,153,418
736,153,419
737,153,420
738,153,421
739,153,422
740,153,423
741,153,424
742,153,425
743,153,426
744,153,427
745,153,428
746,153,429
747,153,430
748,153,431
749,153,432
750,153,433
751,153,434
752,153,435
753,153,436
754,153,437
755,153,438
756,153,439
757,153,440
758,153,441
759,153,442
760,153,443
761,153,444
762,153,445
763,153,446
764,153,447
765,154,379
766,154,380
767,154,381
768,154,382
769,154,383
770,154,384
771,154,385
772,154,386
773,154,387
774,154,388
775,154,391
776,154,392
777,154,393
778,154,394
779,154,395
780,154,396
781,154,397
782,154,398
783,154,399
784,154,400
785,154,401
786,154,402
787,154,403
788,154,404
789,154,405
790,154,406
791,154,407
792,154,408
793,154,409
794,154,410
795,154,411
796,154,412
797,154,413
798,154,414
799,154,415
800,154,416
801,154,417
802,154,418
803,154,419
804,154,420
805,154,421
806,154,422
807,154,423
808,154,424
809,154,425
810,154,426
811,154,427
812,154,428
813,154,429
814,154,430
815,154,431
816,154,432
817,154,433
818,154,434
819,154,435
820,154,436
821,154,437
822,154,438
823,154,439
824,154,440
825,154,441
826,154,442
827,154,443
828,154,444
829,154,445
830,154,446
831,154,447
832,155,376
833,155,377
834,155,378
835,155,379
836,155,380
837,155,381
838,155,382
839,155,383
840,155,384
841,155,385
842,155,386
843,155,387
844,155,388
845,155,391
846,155,392
847,155,393
848,155,394
849,155,395
850,155,396
851,155,397
852,155,398
853,155,399
854,155,400
855,155,401
856,155,402
857,155,403
858,155,404
859,155,405
860,155,406
861,155,407
862,155,408
863,155,409
864,155,410
865,155,411
866,155,412
867,155,413
868,155,414
869,155,415
870,155,416
871,155,417
872,155,418
873,155,419
874,155,420
875,155,421
876,155,422
877,155,423
878,155,424
879,155,425
880,155,426
881,155,427
882,155,428
883,155,429
884,155,430
885,155,431
886,155,432
887,155,433
888,155,434
889,155,435
890,155,436
891,155,437
892,155,438
893,155,439
894,155,440
895,155,441
896,155,442
897,155,443
898,155,444
899,155,445
900,155,446
901,155,447
902,156,375
903,156,376
904,156,377
905,156,378
906,156,379
907,156,380
908,156,381
909,156,382
910,156,383
911,156,384
912,156,385
913,156,386
914,156,387
915,156,388
916,156,391
917,156,392
918,156,393
919,156,394
920,156,395
921,156,396
922,156,397
923,156,398
924,156,399
925,156,400
926,156,401
927,156,402
928,156,403
929,156,404
930,156,405
931,156,406
932,156,407
933,156,408
934,156,409
935,156,410
936,156,411
937,156,412
938,156,413
939,156,414
940,156,415
941,156,416
942,156,417
943,156,418
944,156,419
945,156,420
946,156,421
947,156,422
948,156,423
949,156,424
950,156,425
951,156,426
952,156,427
953,156,428
954,156,429
955,156,430
956,156,431
957,156,432
958,156,433
959,156,434
960,156,435
961,156,436
962,156,437
963,156,438
964,156,439
965,156,440
966,156,441
967,156,442
968,156,443
969,156,444
970,156,445
971,156,446
972,156,447
973,157,375
974,157,376
975,157,377
976,157,378
977,157,379
978,157,380
979,157,381
980,157,382
981,157,383
982,157,384
983,157,385
984,157,386
985,157,387
986,157,388
987,157,391
988,157,392
989,157,393
990,157,394
991,157,395
992,157,396
993,157,397
994,157,398
995,157,399
996,157,400
997,157,401
998,157,402
999,157,403
1000,157,404
1001,157,405
1002,157,406
1003,157,407
1004,157,408
1005,157,409
1006,157,410
1007,157,411
1008,157,412
1009,157,413
1010,157,414
1011,157,415
1012,157,416
1013,157,417
1014,157,418
1015,157,419
1016,157,420
1017,157,421
1018,157,422
1019,157,423
1020,157,424
1021,157,425
1022,157,426
1023,157,427
1024,157,428
1025,157,429
1026,157,430
1027,157,431
1028,157,432
1029,157,433
1030,157,434
1031,157,435
1032,157,436
1033,157,437
1034,157,438
1035,157,439
1036,157,440
1037,157,441
1038,157,442
1039,157,443
1040,157,444
1041,157,445
1042,157,446
1043,157,447
1044,158,375
1045,158,376
1046,158,377
1047,158,378
1048,158,379
1049,158,380
1050,158,381
1051,158,382
1052,158,383
1053,158,384
1054,158,385
1055,158,386
1056,158,387
1057,158,388
1058,158,389
1059,158,390
1060,158,391
1061,158,392
1062,158,393
1063,158,394
1064,158,395
1065,158,396
1066,158,397
1067,158,398
1068,158,399
1069,158,400
1070,158,401
1071,158,402
1072,158,403
1073,158,404
1074,158,405
1075,158,406
1076,158,407
1077,158,408
1078,158,409
1079,158,410
1080,158,411
1081,158,412
1082,158,413
1083,158,414
1084,158,415
1085,158,416
1086,158,417
1087,158,418
1088,158,419
1089,158,420
1090,158,421
1091,158,422
1092,158,423
1093,158,424
1094,158,425
1095,158,426
1096,158,427
1097,158,428
1098,158,429
1099,158,430
1100,158,431
1101,158,432
1102,158,433
1103,158,434
1104,158,435
1105,158,436
1106,158,437
1107,158,438
1108,158,439
1109,158,440
1110,158,441
1111,158,442
1112,158,443
1113,158,444
1114,158,445
1115,158,446
1116,158,447
1117,159,375
1118,159,376
1119,159,377
1120,159,378
1121,159,379
1122,159,380
1123,159,381
1124,159,382
1125,159,383
1126,159,384
1127,159,385
1128,159,386
1129,159,388
1130,159,389
1131,159,390
1132,159,391
1133,159,392
1134,159,393
1135,159,394
1136,159,395
1137,159,396
1138,159,397
1139,159,398
1140,159,399
1141,159,400
1142,159,401
1143,159,402
1144,159,403
1145,159,404
1146,159,405
1147,159,406
1148,159,407
1149,159,408
1150,159,409
1151,159,410
1152,159,411
1153,159,412
1154,159,413
1155,159,414
1156,159,415
1157,159,416
1158,159,417
1159,159,418
1160,159,419
1161,159,420
1162,159,421
1163,159,422
1164,159,423
1165,159,424
1166,159,425
1167,159,426
1168,159,427
1169,159,428
1170,159,429
1171,159,430
1172,159,431
1173,159,432
1174,159,433
1175,159,434
1176,159,435
1177,159,436
1178,159,437
1179,159,438
1180,159,439
1181,159,440
1182,159,441
1183,159,442
1184,159,443
1185,159,444
1186,159,445
1187,159,446
1188,159,447
1189,160,375
1190,160,376
1191,160,377
1192,160,378
1193,160,379
1194,160,380
1195,160,381
1196,160,382
1197,160,383
1198,160,384
1199,160,385
1200,160,386
1201,160,387
1202,160,388
1203,160,389
1204,160,390
1205,160,391
1206,160,392
1207,160,393
1208,160,394
1209,160,395
1210,160,396
1211,160,397
1212,160,398
1213,160,399
1214,160,400
1215,160,401
1216,160,402
1217,160,403
1218,160,404
1219,160,405
1220,160,406
1221,160,407
1222,160,408
1223,160,409
1224,160,410
1225,160,411
1226,160,412
1227,160,413
1228,160,414
1229,160,415
1230,160,416
1231,160,417
1232,160,418
1233,160,419
1234,160,420
1235,160,421
1236,160,422
1237,160,423
1238,160,424
1239,160,425
1240,160,426
1241,160,427
1242,160,428
1243,160,429
1244,160,430
1245,160,431
1246,160,432
1247,160,433
1248,160,434
1249,160,435
1250,160,436
1251,160,437
1252,160,438
1253,160,439
1254,160,440
1255,160,441
1256,160,442
1257,160,443
1258,160,444
1259,161,374
1260,161,375
1261,161,376
1262,161,377
1263,161,378
1264,161,379
1265,161,380
1266,161,381
1267,161,382
1268,161,383
1269,161,384
1270,161,385
1271,161,386
1272,161,387
1273,161,388
1274,161,389
1275,161,390
1276,161,391
1277,161,392
1278,161,393
1279,161,394
1280,161,395
1281,161,396
1282,161,397
1283,161,398
1284,161,399
1285,161,400
1286,161,401
1287,161,402
1288,161,403
1289,161,404
1290,161,405
1291,161,406
1292,161,407
1293,161,408
1294,161,409
1295,161,410
1296,161,411
1297,161,412
1298,161,413
1299,161,414
1300,161,415
1301,161,416
1302,161,417
1303,161,418
1304,161,419
1305,161,420
1306,161,421
1307,161,422
1308,161,423
1309,161,424
1310,161,425
1311,161,426
1312,161,427
1313,161,428
1314,161,429
1315,161,430
1316,161,431
1317,161,432
1318,161,433
1319,161,434
1320,161,435
1321,161,436
1322,161,437
1323,161,438
1324,161,439
1325,161,440
1326,161,441
1327,161,442
1328,161,443
1329,161,444
1330,162,375
1331,162,376
1332,162,377
1333,162,378
1334,162,379
1335,162,380
1336,162,381
1337,162,382
1338,162,383
1339,162,384
1340,162,385
1341,162,386
1342,162,387
1343,162,388
1344,162,389
1345,162,390
1346,162,391
1347,162,392
1348,162,393
1349,162,394
1350,162,395
1351,162,396
1352,162,397
1353,162,398
1354,162,399
1355,162,400
1356,162,401
1357,162,402
1358,162,403
1359,162,404
1360,162,405
1361,162,406
1362,162,407
1363,162,408
1364,162,409
1365,162,410
1366,162,411
1367,162,412
1368,162,413
1369,162,414
1370,162,415
1371,162,416
1372,162,417
1373,162,418
1374,162,419
1375,162,420
1376,162,421
1377,162,422
1378,162,423
1379,162,424
1380,162,425
1381,162,426
1382,162,427
1383,162,428
1384,162,429
1385,162,430
1386,162,431
1387,162,432
1388,162,433
1389,162,434
1390,162,435
1391,162,436
1392,162,437
1393,162,438
1394,162,439
1395,162,440
1396,162,441
1397,162,442
1398,162,443
1399,162,444
1400,163,375
1401,163,376
1402,163,377
1403,163,378
1404,163,379
1405,163,380
1406,163,381
1407,163,382
1408,163,383
1409,163,384
1410,163,385
1411,163,386
1412,163,387
1413,163,388
1414,163,389
1415,163,390
1416,163,391
1417,163,392
1418,163,393
1419,163,394
1420,163,395
1421,163,396
1422,163,397
1423,163,398
1424,163,399
1425,163,400
1426,163,401
1427,163,402
1428,163,403
1429,163,404
1430,163,405
1431,163,406
1432,163,407
1433,163,408
1434,163,409
1435,163,410
1436,163,411
1437,163,412
1438,163,413
1439,163,414
1440,163,415
1441,163,416
1442,163,417
1443,163,418
1444,163,419
1445,163,420
1446,163,421
1447,163,422
1448,163,423
1449,163,424
1450,163,425
1451,163,426
1452,163,427
1453,163,428
1454,163,429
1455,163,430
1456,163,431
1457,163,432
1458,163,433
1459,163,434
1460,163,435
1461,163,436
1462,163,437
1463,163,438
1464,163,439
1465,163,440
1466,163,441
1467,163,442
1468,163,443
1469,163,444
1470,164,375
1471,164,376
1472,164,377
1473,164,378
1474,164,379
1475,164,380
1476,164,381
1477,164,382
1478,164,383
1479,164,384
1480,164,385
1481,164,386
1482,164,387
1483,164,388
1484,164,389
1485,164,390
1486,164,391
1487,164,392
1488,164,393
1489,164,394
1490,164,395
1491,164,396
1492,164,397
1493,164,398
1494,164,399
1495,164,400
1496,164,401
1497,164,402
1498,164,403
1499,164,404
1500,164,405
1501,164,406
1502,164,407
1503,164,408
1504,164,409
1505,164,410
1506,164,411
1507,164,412
1508,164,413
1509,164,414
1510,164,415
1511,164,416
1512,164,417
1513,164,418
1514,164,419
1515,164,420
1516,164,421
1517,164,422
1518,164,423
1519,164,424
1520,164,425
1521,164,426
1522,164,427
1523,164,428
1524,164,429
1525,164,430
1526,164,431
1527,164,432
1528,164,433
1529,164,434
1530,164,435
1531,164,436
1532,164,437
1533,164,438
1534,164,439
1535,164,440
1536,164,441
1537,164,442
1538,164,443
1539,164,444
1540,165,376
1541,165,377
1542,165,378
1543,165,379
1544,165,380
1545,165,381
1546,165,382
1547,165,383
1548,165,384
1549,165,385
1550,165,386
1551,165,387
1552,165,388
1553,165,389
1554,165,390
1555,165,391
1556,165,392
1557,165,393
1558,165,394
1559,165,395
1560,165,396
1561,165,397
1562,165,398
1563,165,399
1564,165,400
1565,165,401
1566,165,402
1567,165,403
1568,165,404
1569,165,405
1570,165,406
1571,165,407
1572,165,408
1573,165,409
1574,165,410
1575,165,411
1576,165,412
1577,165,413
1578,165,414
1579,165,415
1580,165,416
1581,165,417
1582,165,418
1583,165,419
1584,165,420
1585,165,421
1586,165,422
1587,165,423
1588,165,424
1589,165,425
1590,165,426
1591,165,427
1592,165,428
1593,165,429
1594,165,430
1595,165,431
1596,165,432
1597,165,433
1598,165,434
1599,165,435
1600,165,436
1601,165,437
1602,165,438
1603,165,439
1604,165,440
1605,165,441
1606,165,442
1607,165,443
1608,165,444
1609,166,378
1610,166,379
1611,166,380
1612,166,381
1613,166,382
1614,166,383
1615,166,384
1616,166,385
1617,166,386
1618,166,387
1619,166,388
1620,166,389
1621,166,390
1622,166,391
1623,166,392
1624,166,393
1625,166,394
1626,166,395
1627,166,396
1628,166,397
1629,166,398
1630,166,399
1631,166,400
1632,166,401
1633,166,402
1634,166,403
1635,166,404
1636,166,405
1637,166,406
1638,166,407
1639,166,408
1640,166,409
1641,166,410
1642,166,411
1643,166,412
1644,166,413
1645,166,414
1646,166,415
1647,166,416
1648,166,417
1649,166,418
1650,166,419
1651,166,420
1652,166,421
1653,166,422
1654,166,423
1655,166,424
1656,166,425
1657,166,426
1658,166,427
1659,166,428
1660,166,429
1661,166,430
1662,166,431
1663,166,432
1664,166,433
1665,166,434
1666,166,435
1667,166,436
1668,166,437
1669,166,438
1670,166,439
1671,166,440
1672,166,441
1673,166,442
1674,166,443
1675,167,378
1676,167,379
1677,167,380
1678,167,381
1679,167,382
1680,167,383
1681,167,384
1682,167,385
1683,167,386
1684,167,387
1685,167,388
1686,167,389
1687,167,390
1688,167,391
1689,167,392
1690,167,393
1691,167,394
1692,167,395
1693,167,396
1694,167,397
1695,167,398
1696,167,399
1697,167,400
1698,167,403
1699,167,404
1700,167,405
1701,167,406
1702,167,407
1703,167,408
1704,167,409
1705,167,410
1706,167,411
1707,167,412
1708,167,413
1709,167,414
1710,167,415
1711,167,416
1712,167,417
1713,167,418
1714,167,419
1715,167,420
1716,167,421
1717,167,422
1718,167,423
1719,167,424
1720,167,425
1721,167,426
1722,167,427
1723,167,428
1724,167,429
1725,167,430
1726,167,431
1727,167,432
1728,167,433
1729,167,434
1730,167,435
1731,167,436
1732,167,437
1733,167,438
1734,167,439
1735,167,440
1736,167,441
1737,167,442
1738,167,443
1739,168,379
1740,168,380
1741,168,381
1742,168,382
1743,168,383
1744,168,384
1745,168,385
1746,168,386
1747,168,387
1748,168,388
1749,168,389
1750,168,390
1751,168,391
1752,168,392
1753,168,393
1754,168,394
1755,168,395
1756,168,396
1757,168,397
1758,168,398
1759,168,399
1760,168,400
1761,168,401
1762,168,402
1763,168,403
1764,168,404
1765,168,405
1766,168,406
1767,168,407
1768,168,408
1769,168,409
1770,168,410
1771,168,411
1772,168,412
1773,168,413
1774,168,414
1775,168,415
1776,168,416
1777,168,417
1778,168,418
1779,168,419
1780,168,420
1781,168,421
1782,168,422
1783,168,423
1784,168,424
1785,168,425
1786,168,426
1787,168,427
1788,168,428
1789,168,429
1790,168,430
1791,168,431
1792,168,432
1793,168,433
1794,168,434
1795,168,435
1796,168,436
1797,168,437
1798,168,438
1799,168,439
1800,168,440
1801,168,441
1802,168,442
1803,169,378
1804,169,379
1805,169,380
1806,169,381
1807,169,382
1808,169,383
1809,169,384
1810,169,385
1811,169,386
1812,169,387
1813,169,388
1814,169,389
1815,169,390
1816,169,391
1817,169,392
1818,169,393
1819,169,394
1820,169,395
1821,169,396
1822,169,397
1823,169,398
1824,169,399
1825,169,400
1826,169,401
1827,169,402
1828,169,403
1829,169,404
1830,169,405
1831,169,406
1832,169,407
1833,169,408
1834,169,409
1835,169,410
1836,169,411
1837,169,412
1838,169,413
1839,169,414
1840,169,415
1841,169,416
1842,169,417
1843,169,418
1844,169,419
1845,169,420
1846,169,421
1847,169,422
1848,169,423
1849,169,424
1850,169,425
1851,169,426
1852,169,427
1853,169,428
1854,169,429
1855,169,430
1856,169,431
1857,169,432
1858,169,433
1859,169,434
1860,169,435
1861,169,436
1862,169,437
1863,169,438
1864,169,439
1865,169,440
1866,169,441
1867,170,378
1868,170,379
1869,170,380
1870,170,381
1871,170,382
1872,170,383
1873,170,384
1874,170,385
1875,170,386
1876,170,387
1877,170,388
1878,170,389
1879,170,390
1880,170,391
1881,170,392
1882,170,393
1883,170,394
1884,170,395
1885,170,396
1886,170,397
1887,170,398
1888,170,399
1889,170,400
1890,170,401
1891,170,402
1892,170,403
1893,170,404
1894,170,405
1895,170,406
1896,170,407
1897,170,408
1898,170,409
1899,170,410
1900,170,411
1901,170,412
1902,170,413
1903,170,414
1904,170,415
1905,170,416
1906,170,417
1907,170,418
1908,170,419
1909,170,420
1910,170,421
1911,170,422
1912,170,423
1913,170,424
1914,170,425
1915,170,426
1916,170,427
1917,170,428
1918,170,429
1919,170,430
1920,170,431
1921,170,432
1922,170,433
1923,170,434
1924,170,435
1925,170,436
1926,170,437
1927,170,438
1928,170,439
1929,170,440
1930,170,441
1931,171,378
1932,171,379
1933,171,380
1934,171,381
1935,171,382
1936,171,383
1937,171,384
1938,171,385
1939,171,386
1940,171,387
1941,171,388
1942,171,389
1943,171,390
1944,171,391
1945,171,392
1946,171,393
1947,171,394
1948,171,395
1949,171,396
1950,171,397
1951,171,398
1952,171,399
1953,171,400
1954,171,401
1955,171,402
1956,171,403
1957,171,404
1958,171,405
1959,171,406
1960,171,407
1961,171,408
1962,171,409
1963,171,410
1964,171,411
1965,171,412
1966,171,413
1967,171,414
1968,171,415
1969,171,416
1970,171,417
1971,171,418
1972,171,419
1973,171,420
1974,171,421
1975,171,422
1976,171,423
1977,171,424
1978,171,425
1979,171,426
1980,171,427
1981,171,428
1982,171,429
1983,171,430
1984,171,431
1985,171,432
1986,171,433
1987,171,434
1988,171,435
1989,171,436
1990,171,437
1991,171,438
1992,171,439
1993,171,440
1994,171,441
1995,172,379
1996,172,380
1997,172,381
1998,172,382
1999,172,383
2000,172,384
2001,172,387
2002,172,388
2003,172,389
2004,172,390
2005,172,391
2006,172,392
2007,172,393
2008,172,394
2009,172,395
2010,172,396
2011,172,397
2012,172,398
2013,172,399
2014,172,400
2015,172,401
2016,172,402
2017,172,403
2018,172,404
2019,172,405
2020,172,406
2021,172,407
2022,172,408
2023,172,409
2024,172,410
2025,172,411
2026,172,412
2027,172,413
2028,172,414
2029,172,415
2030,172,416
2031,172,417
2032,172,418
2033,172,419
2034,172,420
2035,172,421
2036,172,422
2037,172,423
2038,172,424
2039,172,425
2040,172,426
2041,172,427
2042,172,428
2043,172,429
2044,172,430
2045,172,431
2046,172,432
2047,172,433
2048,172,434
2049,172,435
2050,172,436
2051,172,437
2052,172,438
2053,172,439
2054,172,440
2055,172,441
2056,173,379
2057,173,380
2058,173,381
2059,173,382
2060,173,383
2061,173,384
2062,173,385
2063,173,387
2064,173,388
2065,173,389
2066,173,390
2067,173,391
2068,173,392
2069,173,393
2070,173,394
2071,173,395
2072,173,396
2073,173,397
2074,173,398
2075,173,399
2076,173,400
2077,173,401
2078,173,402
2079,173,403
2080,173,404
2081,173,405
2082,173,406
2083,173,407
2084,173,408
2085,173,409
2086,173,410
2087,173,411
2088,173,412
2089,173,413
2090,173,414
2091,173,415
2092,173,416
2093,173,417
2094,173,418
2095,173,419
2096,173,420
2097,173,421
2098,173,422
2099,173,423
2100,173,424
2101,173,425
2102,173,426
2103,173,427
2104,173,428
2105,173,429
2106,173,430
2107,173,431
2108,173,432
2109,173,433
2110,173,434
2111,173,435
2112,173,436
2113,173,437
2114,173,438
2115,173,439
2116,173,440
2117,173,441
2118,174,382
2119,174,383
2120,174,384
2121,174,385
2122,174,386
2123,174,387
2124,174,388
2125,174,389
2126,174,390
2127,174,391
2128,174,392
2129,174,393
2130,174,394
2131,174,397
2132,174,398
2133,174,399
2134,174,400
2135,174,401
2136,174,402
2137,174,403
2138,174,404
2139,174,405
2140,174,406
2141,174,407
2142,174,408
2143,174,409
2144,174,410
2145,174,411
2146,174,412
2147,174,413
2148,174,414
2149,174,415
2150,174,416
2151,174,417
2152,174,418
2153,174,419
2154,174,420
2155,174,421
2156,174,422
2157,174,423
2158,174,424
2159,174,425
2160,174,426
2161,174,427
2162,174,428
2163,174,429
2164,174,430
2165,174,431
2166,174,432
2167,174,433
2168,174,434
2169,174,435
2170,174,436
2171,174,437
2172,174,438
2173,174,439
2174,174,440
2175,175,382
2176,175,383
2177,175,384
2178,175,385
2179,175,386
2180,175,387
2181,175,388
2182,175,389
2183,175,390
2184,175,391
2185,175,392
2186,175,394
2187,175,395
2188,175,396
2189,175,397
2190,175,398
2191,175,399
2192,175,400
2193,175,401
2194,175,402
2195,175,403
2196,175,404
2197,175,405
2198,175,406
2199,175,407
2200,175,408
2201,175,409
2202,175,410
2203,175,411
2204,175,412
2205,175,413
2206,175,414
2207,175,415
2208,175,416
2209,175,417
2210,175,418
2211,175,419
2212,175,420
2213,175,421
2214,175,422
2215,175,423
2216,175,424
2217,175,425
2218,175,426
2219,175,427
2220,175,428
2221,175,429
2222,175,430
2223,175,431
2224,175,432
2225,175,433
2226,175,434
2227,175,435
2228,175,436
2229,175,437
2230,175,438
2231,175,439
2232,176,382
2233,176,383
2234,176,384
2235,176,385
2236,176,386
2237,176,387
2238,176,388
2239,176,389
2240,176,390
2241,176,392
2242,176,394
2243,176,395
2244,176,396
2245,176,397
2246,176,398
2247,176,399
2248,176,400
2249,176,401
2250,176,402
2251,176,403
2252,176,404
2253,176,405
2254,176,406
2255,176,407
2256,176,408
2257,176,409
2258,176,410
2259,176,411
2260,176,412
2261,176,413
2262,176,414
2263,176,415
2264,176,416
2265,176,417
2266,176,418
2267,176,419
2268,176,420
2269,176,421
2270,176,422
2271,176,423
2272,176,426
2273,176,427
2274,176,428
2275,176,429
2276,176,430
2277,176,431
2278,176,432
2279,176,433
2280,177,381
2281,177,382
2282,177,383
2283,177,384
2284,177,385
2285,177,386
2286,177,387
2287,177,388
2288,177,389
2289,177,394
2290,177,395
2291,177,396
2292,177,397
2293,177,398
2294,177,399
2295,177,400
2296,177,401
2297,177,402
2298,177,403
2299,177,404
2300,177,405
2301,177,406
2302,177,407
2303,177,408
2304,177,409
2305,177,410
2306,177,411
2307,177,412
2308,177,413
2309,177,414
2310,177,415
2311,177,416
2312,177,417
2313,177,418
2314,177,419
2315,177,420
2316,177,421
2317,177,422
2318,177,423
2319,177,426
2320,177,427
2321,177,428
2322,177,429
2323,177,430
2324,177,431
2325,177,432
2326,177,433
2327,177,436
2328,177,437
2329,178,381
2330,178,382
2331,178,383
2332,178,384
2333,178,385
2334,178,386
2335,178,387
2336,178,388
2337,178,389
2338,178,393
2339,178,394
2340,178,395
2341,178,396
2342,178,397
2343,178,398
2344,178,399
2345,178,400
2346,178,401
2347,178,402
2348,178,403
2349,178,404
2350,178,405
2351,178,406
2352,178,407
2353,178,408
2354,178,409
2355,178,410
2356,178,411
2357,178,412
2358,178,413
2359,178,414
2360,178,415
2361,178,416
2362,178,417
2363,178,418
2364,178,419
2365,178,420
2366,178,421
2367,178,422
2368,178,423
2369,178,427
2370,178,428
2371,178,429
2372,178,430
2373,178,431
2374,178,432
2375,178,433
2376,178,436
2377,178,437
2378,178,438
2379,178,439
2380,178,440
2381,178,441
2382,178,442
2383,178,443
2384,179,381
2385,179,382
2386,179,383
2387,179,384
2388,179,385
2389,179,386
2390,179,387
2391,179,388
2392,179,389
2393,179,390
2394,179,393
2395,179,394
2396,179,395
2397,179,396
2398,179,397
2399,179,398
2400,179,399
2401,179,400
2402,179,401
2403,179,405
2404,179,406
2405,179,407
2406,179,408
2407,179,409
2408,179,410
2409,179,411
2410,179,412
2411,179,413
2412,179,414
2413,179,415
2414,179,416
2415,179,417
2416,179,418
2417,179,419
2418,179,420
2419,179,421
2420,179,422
2421,179,423
2422,179,431
2423,179,433
2424,179,435
2425,179,436
2426,179,437
2427,179,438
2428,179,439
2429,179,440
2430,179,441
2431,179,442
2432,179,443
2433,180,380
2434,180,381
2435,180,382
2436,180,383
2437,180,384
2438,180,385
2439,180,386
2440,180,387
2441,180,388
2442,180,389
2443,180,390
2444,180,391
2445,180,392
2446,180,393
2447,180,394
2448,180,395
2449,180,396
2450,180,397
2451,180,398
2452,180,399
2453,180,405
2454,180,406
2455,180,407
2456,180,408
2457,180,409
2458,180,410
2459,180,411
2460,180,412
2461,180,413
2462,180,414
2463,180,415
2464,180,416
2465,180,417
2466,180,418
2467,180,419
2468,180,420
2469,180,421
2470,180,422
2471,180,434
2472,180,435
2473,180,436
2474,180,437
2475,180,438
2476,180,439
2477,180,440
2478,180,441
2479,180,442
2480,180,443
2481,181,379
2482,181,380
2483,181,381
2484,181,382
2485,181,383
2486,181,384
2487,181,385
2488,181,386
2489,181,387
2490,181,388
2491,181,389
2492,181,390
2493,181,391
2494,181,392
2495,181,393
2496,181,394
2497,181,395
2498,181,396
2499,181,397
2500,181,398
2501,181,405
2502,181,406
2503,181,407
2504,181,408
2505,181,409
2506,181,410
2507,181,411
2508,181,412
2509,181,413
2510,181,414
2511,181,415
2512,181,416
2513,181,417
2514,181,418
2515,181,419
2516,181,420
2517,181,421
2518,181,422
2519,181,433
2520,181,434
2521,181,435
2522,181,436
2523,181,437
2524,181,438
2525,181,439
2526,181,440
2527,181,441
2528,181,442
2529,181,443
2530,182,379
2531,182,380
2532,182,381
2533,182,382
2534,182,383
2535,182,384
2536,182,385
2537,182,386
2538,182,387
2539,182,388
2540,182,389
2541,182,390
2542,182,391
2543,182,392
2544,182,393
2545,182,394
2546,182,395
2547,182,396
2548,182,397
2549,182,398
2550,182,405
2551,182,406
2552,182,407
2553,182,408
2554,182,409
2555,182,410
2556,182,411
2557,182,412
2558,182,413
2559,182,414
2560,182,415
2561,182,416
2562,182,417
2563,182,418
2564,182,433
2565,182,434
2566,182,435
2567,182,436
2568,182,437
2569,182,438
2570,182,439
2571,182,440
2572,182,441
2573,182,442
2574,182,443
2575,183,378
2576,183,379
2577,183,380
2578,183,381
2579,183,382
2580,183,383
2581,183,384
2582,183,385
2583,183,386
2584,183,387
2585,183,388
2586,183,389
2587,183,390
2588,183,391
2589,183,392
2590,183,393
2591,183,394
2592,183,395
2593,183,406
2594,183,407
2595,183,408
2596,183,409
2597,183,410
2598,183,415
2599,183,416
2600,183,433
2601,183,434
2602,183,435
2603,183,436
2604,183,437
2605,183,438
2606,183,439
2607,183,440
2608,183,441
2609,183,442
2610,183,443
2611,184,377
2612,184,378
2613,184,379
2614,184,380
2615,184,381
2616,184,382
2617,184,383
2618,184,384
2619,184,385
2620,184,386
2621,184,387
2622,184,388
2623,184,389
2624,184,390
2625,184,391
2626,184,392
2627,184,393
2628,184,394
2629,184,433
2630,184,434
2631,184,435
2632,184,436
2633,184,437
2634,184,438
2635,184,439
2636,184,440
2637,184,441
2638,184,442
2639,184,443
2640,185,377
2641,185,378
2642,185,379
2643,185,380
2644,185,381
2645,185,382
2646,185,383
2647,185,384
2648,185,385
2649,185,386
2650,185,387
2651,185,388
2652,185,389
2653,185,390
2654,185,391
2655,185,392
2656,185,393
2657,185,394
2658,185,433
2659,185,434
2660,185,435
2661,185,436
2662,185,437
2663,185,438
2664,185,439
2665,185,440
2666,185,441
2667,185,442
2668,185,443
2669,186,385
2670,186,386
2671,186,387
2672,186,388
2673,186,389
2674,186,390
2675,186,391
2676,186,392
2677,186,393
2678,186,433
2679,186,434
2680,186,435
2681,186,436
2682,186,437
2683,186,438
2684,186,439
2685,186,440
2686,186,441
2687,186,442
2688,186,443
2689,187,385
2690,187,386
2691,187,387
2692,187,388
2693,187,389
2694,187,390
2695,187,391
2696,187,392
2697,187,434
2698,187,435
2699,187,436
2700,187,437
2701,187,438
2702,187,439
2703,187,440
2704,187,441
2705,187,442
2706,187,443
2707,188,384
2708,188,385
2709,188,386
2710,188,387
2711,188,388
2712,188,389
2713,188,390
2714,188,391
2715,188,434
2716,188,435
2717,188,436
2718,188,437
2719,188,438
2720,188,439
2721,188,440
2722,188,441
2723,188,442
2724,188,443
2725,189,382
2726,189,383
2727,189,384
2728,189,385
2729,189,386
2730,189,387
2731,189,388
2732,189,389
2733,189,390
2734,189,434
2735,189,435
2736,189,436
2737,189,437
2738,189,438
2739,189,439
2740,189,440
2741,189,441
2742,189,442
2743,189,443
2744,190,382
2745,190,383
2746,190,384
2747,190,385
2748,190,386
2749,190,387
2750,190,388
2751,190,389
2752,190,390
2753,190,398
2754,190,399
2755,190,400
2756,190,401
2757,190,433
2758,190,434
2759,190,435
2760,190,436
2761,190,437
2762,190,438
2763,190,439
2764,190,440
2765,190,441
2766,190,442
2767,190,443
2768,191,382
2769,191,383
2770,191,384
2771,191,385
2772,191,386
2773,191,387
2774,191,388
2775,191,389
2776,191,390
2777,191,398
2778,191,399
2779,191,400
2780,191,401
2781,191,433
2782,191,434
2783,191,435
2784,191,436
2785,191,437
2786,191,438
2787,191,439
2788,191,440
2789,191,441
2790,191,442
2791,191,443
2792,192,382
2793,192,383
2794,192,384
2795,192,385
2796,192,386
2797,192,387
2798,192,388
2799,192,389
2800,192,390
2801,192,398
2802,192,399
2803,192,400
2804,192,401
2805,192,433
2806,192,434
2807,192,435
2808,192,436
2809,192,437
2810,192,438
2811,192,439
2812,192,440
2813,192,441
2814,192,442
2815,192,443
2816,193,381
2817,193,382
2818,193,383
2819,193,384
2820,193,385
2821,193,386
2822,193,387
2823,193,388
2824,193,389
2825,193,390
2826,193,399
2827,193,400
2828,193,401
2829,193,402
2830,193,406
2831,193,407
2832,193,432
2833,193,433
2834,193,434
2835,193,435
2836,193,436
2837,193,437
2838,193,438
2839,193,439
2840,193,440
2841,193,441
2842,193,442
2843,193,443
2844,194,381
2845,194,382
2846,194,383
2847,194,384
2848,194,385
2849,194,386
2850,194,387
2851,194,388
2852,194,389
2853,194,397
2854,194,398
2855,194,399
2856,194,400
2857,194,401
2858,194,402
2859,194,403
2860,194,404
2861,194,405
2862,194,406
2863,194,407
2864,194,408
2865,194,432
2866,194,433
2867,194,434
2868,194,435
2869,194,436
2870,194,437
2871,194,438
2872,194,439
2873,194,440
2874,194,441
2875,194,442
2876,194,443
2877,195,382
2878,195,383
2879,195,388
2880,195,389
2881,195,397
2882,195,398
2883,195,399
2884,195,400
2885,195,401
2886,195,402
2887,195,403
2888,195,404
2889,195,405
2890,195,406
2891,195,407
2892,195,408
2893,195,409
2894,195,410
2895,195,432
2896,195,433
2897,195,434
2898,195,435
2899,195,436
2900,195,437
2901,195,438
2902,195,439
2903,195,440
2904,195,441
2905,195,442
2906,195,443
2907,196,396
2908,196,397
2909,196,398
2910,196,399
2911,196,400
2912,196,401
2913,196,402
2914,196,403
2915,196,404
2916,196,405
2917,196,406
2918,196,407
2919,196,408
2920,196,409
2921,196,410
2922,196,432
2923,196,433
2924,196,434
2925,196,435
2926,196,436
2927,196,437
2928,196,438
2929,196,439
2930,196,440
2931,196,441
2932,196,442
2933,196,443
2934,197,395
2935,197,396
2936,197,397
2937,197,398
2938,197,399
2939,197,400
2940,197,401
2941,197,402
2942,197,403
2943,197,404
2944,197,405
2945,197,406
2946,197,407
2947,197,408
2948,197,409
2949,197,410
2950,197,432
2951,197,433
2952,197,434
2953,197,435
2954,197,436
2955,197,437
2956,197,438
2957,197,439
2958,197,440
2959,198,393
2960,198,394
2961,198,395
2962,198,396
2963,198,397
2964,198,398
2965,198,399
2966,198,400
2967,198,401
2968,198,402
2969,198,403
2970,198,404
2971,198,405
2972,198,406
2973,198,407
2974,198,408
2975,198,409
2976,198,410
2977,198,433
2978,198,434
2979,198,435
2980,198,436
2981,198,437
2982,199,392
2983,199,393
2984,199,394
2985,199,395
2986,199,396
2987,199,397
2988,199,398
2989,199,399
2990,199,400
2991,199,401
2992,199,402
2993,199,403
2994,199,404
2995,199,405
2996,199,406
2997,199,407
2998,199,408
2999,199,409
3000,199,410
3001,199,411
3002,200,391
3003,200,392
3004,200,393
3005,200,394
3006,200,395
3007,200,396
3008,200,397
3009,200,398
3010,200,399
3011,200,400
3012,200,401
3013,200,402
3014,200,403
3015,200,404
3016,200,405
3017,200,406
3018,200,407
3019,200,408
3020,200,409
3021,200,410
3022,201,391
3023,201,392
3024,201,393
3025,201,394
3026,201,395
3027,201,396
3028,201,397
3029,201,398
3030,201,399
3031,201,400
3032,201,401
3033,201,402
3034,201,403
3035,201,404
3036,201,405
3037,201,406
3038,201,407
3039,201,408
3040,201,409
3041,201,410
3042,202,390
3043,202,391
3044,202,392
3045,202,393
3046,202,394
3047,202,395
3048,202,396
3049,202,397
3050,202,398
3051,202,399
3052,202,400
3053,202,401
3054,202,402
3055,202,403
3056,202,404
3057,202,405
3058,202,406
3059,202,407
3060,202,408
3061,202,409
3062,202,410
3063,202,421
3064,202,422
3065,202,423
3066,202,424
3067,202,425
3068,202,426
3069,203,390
3070,203,391
3071,203,392
3072,203,393
3073,203,394
3074,203,395
3075,203,396
3076,203,397
3077,203,398
3078,203,399
3079,203,400
3080,203,401
3081,203,402
3082,203,403
3083,203,404
3084,203,405
3085,203,406
3086,203,407
3087,203,408
3088,203,409
3089,203,410
3090,203,421
3091,203,422
3092,203,423
3093,203,424
3094,203,425
3095,203,426
3096,203,427
3097,204,390
3098,204,391
3099,204,392
3100,204,393
3101,204,394
3102,204,395
3103,204,396
3104,204,397
3105,204,398
3106,204,399
3107,204,400
3108,204,401
3109,204,402
3110,204,403
3111,204,404
3112,204,405
3113,204,406
3114,204,407
3115,204,408
3116,204,409
3117,204,410
3118,204,421
3119,204,422
3120,204,423
3121,204,424
3122,204,425
3123,204,426
3124,204,427
3125,204,428
3126,204,429
3127,204,430
3128,204,431
3129,205,390
3130,205,391
3131,205,392
3132,205,393
3133,205,394
3134,205,395
3135,205,396
3136,205,397
3137,205,398
3138,205,399
3139,205,400
3140,205,401
3141,205,402
3142,205,403
3143,205,404
3144,205,405
3145,205,406
3146,205,407
3147,205,408
3148,205,409
3149,205,410
3150,205,420
3151,205,421
3152,205,422
3153,205,423
3154,205,424
3155,205,425
3156,205,426
3157,205,427
3158,205,428
3159,205,429
3160,205,430
3161,205,431
3162,206,390
3163,206,391
3164,206,392
3165,206,393
3166,206,394
3167,206,395
3168,206,396
3169,206,397
3170,206,398
3171,206,399
3172,206,400
3173,206,401
3174,206,402
3175,206,403
3176,206,404
3177,206,405
3178,206,406
3179,206,407
3180,206,408
3181,206,409
3182,206,410
3183,206,420
3184,206,421
3185,206,422
3186,206,423
3187,206,424
3188,206,425
3189,206,426
3190,206,427
3191,206,428
3192,206,429
3193,206,430
3194,206,431
3195,207,390
3196,207,391
3197,207,392
3198,207,393
3199,207,394
3200,207,395
3201,207,396
3202,207,397
3203,207,398
3204,207,399
3205,207,400
3206,207,401
3207,207,402
3208,207,403
3209,207,404
3210,207,405
3211,207,406
3212,207,407
3213,207,408
3214,207,409
3215,207,410
3216,207,420
3217,207,421
3218,207,422
3219,207,423
3220,207,424
3221,207,425
3222,207,426
3223,207,427
3224,207,428
3225,207,429
3226,207,430
3227,207,431
3228,208,390
3229,208,391
3230,208,392
3231,208,393
3232,208,394
3233,208,395
3234,208,396
3235,208,397
3236,208,398
3237,208,399
3238,208,400
3239,208,401
3240,208,402
3241,208,403
3242,208,404
3243,208,405
3244,208,406
3245,208,407
3246,208,408
3247,208,409
3248,208,410
3249,208,420
3250,208,421
3251,208,422
3252,208,423
3253,208,424
3254,208,425
3255,208,426
3256,208,427
3257,208,428
3258,208,429
3259,208,430
3260,208,431
3261,209,391
3262,209,392
3263,209,393
3264,209,394
3265,209,395
3266,209,396
3267,209,397
3268,209,398
3269,209,399
3270,209,400
3271,209,401
3272,209,402
3273,209,403
3274,209,404
3275,209,405
3276,209,406
3277,209,407
3278,209,408
3279,209,409
3280,209,410
3281,209,420
3282,209,421
3283,209,422
3284,209,423
3285,209,424
3286,209,425
3287,209,426
3288,209,427
3289,209,428
3290,209,429
3291,209,430
3292,209,431
3293,210,391
3294,210,392
3295,210,393
3296,210,394
3297,210,395
3298,210,396
3299,210,397
3300,210,398
3301,210,399
3302,210,400
3303,210,401
3304,210,402
3305,210,403
3306,210,404
3307,210,405
3308,210,406
3309,210,407
3310,210,408
3311,210,409
3312,210,410
3313,210,420
3314,210,421
3315,210,422
3316,210,423
3317,210,424
3318,210,425
3319,210,426
3320,210,427
3321,210,428
3322,211,391
3323,211,392
3324,211,393
3325,211,394
3326,211,395
3327,211,396
3328,211,397
3329,211,398
3330,211,399
3331,211,400
3332,211,401
3333,211,402
3334,211,403
3335,211,404
3336,211,405
3337,211,406
3338,211,407
3339,211,408
3340,211,409
3341,211,420
3342,211,421
3343,211,422
3344,211,423
3345,211,424
3346,211,425
3347,211,426
3348,211,427
3349,211,428
3350,212,391
3351,212,392
3352,212,393
3353,212,394
3354,212,395
3355,212,396
3356,212,397
3357,212,398
3358,212,399
3359,212,400
3360,212,401
3361,212,402
3362,212,403
3363,212,404
3364,212,405
3365,212,406
3366,212,407
3367,212,408
3368,212,409
3369,212,410
3370,212,420
3371,212,421
3372,212,422
3373,212,423
3374,212,424
3375,212,425
3376,212,426
3377,212,427
3378,213,391
3379,213,392
3380,213,393
3381,213,394
3382,213,395
3383,213,396
3384,213,397
3385,213,398
3386,213,399
3387,213,400
3388,213,401
3389,213,402
3390,213,403
3391,213,404
3392,213,405
3393,213,406
3394,213,407
3395,213,408
3396,213,409
3397,213,410
3398,213,421
3399,213,422
3400,213,423
3401,213,424
3402,213,425
3403,213,426
3404,213,427
3405,214,391
3406,214,392
3407,214,393
3408,214,394
3409,214,395
3410,214,396
3411,214,397
3412,214,398
3413,214,399
3414,214,400
3415,214,401
3416,214,402
3417,214,403
3418,214,404
3419,214,405
3420,214,406
3421,214,407
3422,214,408
3423,214,409
3424,214,410
3425,214,421
3426,214,422
3427,214,423
3428,214,424
3429,214,425
3430,215,391
3431,215,392
3432,215,393
3433,215,394
3434,215,395
3435,215,396
3436,215,397
3437,215,398
3438,215,399
3439,215,400
3440,215,401
3441,215,402
3442,215,403
3443,215,404
3444,215,405
3445,215,406
3446,215,407
3447,215,408
3448,215,409
3449,215,410
3450,216,392
3451,216,393
3452,216,394
3453,216,395
3454,216,396
3455,216,397
3456,216,398
3457,216,399
3458,216,400
3459,216,401
3460,216,402
3461,216,403
3462,216,404
3463,216,405
3464,216,406
3465,216,407
3466,216,408
3467,216,409
3468,216,410
3469,217,393
3470,217,394
3471,217,395
3472,217,396
3473,217,397
3474,217,398
3475,217,399
3476,217,400
3477,217,401
3478,217,402
3479,217,403
3480,217,404
3481,217,405
3482,217,406
3483,217,407
3484,217,408
3485,217,409
3486,217,410
3487,218,395
3488,218,396
3489,218,397
3490,218,398
3491,218,399
3492,218,400
3493,218,401
3494,218,402
3495,218,403
3496,218,404
3497,218,405
3498,218,406
3499,218,407
3500,218,408
3501,218,409
3502,219,395
3503,219,396
3504,219,397
3505,219,398
3506,219,399
3507,219,400
3508,219,401
3509,219,402
3510,219,403
3511,219,404
3512,219,405
3513,219,406
3514,219,407
3515,219,408
3516,220,396
3517,220,397
3518,220,398
3519,220,399
3520,220,400
3521,220,401
3522,220,402
3523,220,403
3524,220,406
3525,220,407
3526,221,396
3527,221,397
3528,221,398
3529,221,399
3530,221,400
3531,221,401
3532,221,402
3533,222,396
3534,222,397
3535,222,398
3536,222,399
3537,222,400
3538,222,401
3539,222,402
