,x,y,z
0,0.042488888888888895,-0.12746666666666667,0.12746666666666667
1,0.04356074074074075,-0.12646666666666667,0.12646666666666667
2,0.03711259259259259,-0.12703925925925927,0.12846666666666667
3,0.03848,-0.1268414814814815,0.12826666666666667
4,0.03998814814814815,-0.12710518518518518,0.12853333333333333
5,0.04141629629629629,-0.12710518518518518,0.12853333333333333
6,0.04293333333333333,-0.1273688888888889,0.1288
7,0.04402,-0.12638,0.1278
8,0.04534518518518518,-0.12611629629629628,0.12753333333333333
9,0.04666444444444444,-0.1258525925925926,0.12726666666666667
10,0.04797777777777777,-0.1255888888888889,0.127
11,0.03598148148148148,-0.12665481481481483,0.12953333333333333
12,0.03772888888888889,-0.12769777777777777,0.1306
13,0.03928000000000001,-0.12802370370370372,0.13093333333333335
14,0.04081777777777778,-0.12828444444444445,0.1312
15,0.042361481481481486,-0.1285451851851852,0.13146666666666668
16,0.043911111111111116,-0.12880592592592593,0.13173333333333334
17,0.04537481481481482,-0.12880592592592593,0.13173333333333334
18,0.04638814814814815,-0.1275674074074074,0.13046666666666668
19,0.04764222222222223,-0.12704592592592595,0.12993333333333335
20,0.04898518518518518,-0.12678518518518517,0.12966666666666665
21,0.0500111111111111,-0.1257422222222222,0.1286
22,0.05101333333333333,-0.12469925925925926,0.12753333333333333
23,0.052101481481481485,-0.12391703703703705,0.12673333333333334
24,0.03480888888888889,-0.12618222222222222,0.13053333333333333
25,0.036425925925925924,-0.12676222222222222,0.13113333333333332
26,0.038422222222222226,-0.1285666666666667,0.133
27,0.04008,-0.12914666666666666,0.1336
28,0.041647407407407404,-0.12940444444444443,0.13386666666666666
29,0.04330666666666667,-0.12992,0.1344
30,0.04488888888888889,-0.13017777777777778,0.13466666666666666
31,0.04638518518518518,-0.13017777777777778,0.13466666666666666
32,0.047786666666666665,-0.12992,0.1344
33,0.048717777777777777,-0.1284377777777778,0.13286666666666666
34,0.049992592592592595,-0.12792222222222221,0.13233333333333333
35,0.05104814814814815,-0.1268911111111111,0.13126666666666667
36,0.05197333333333333,-0.12560222222222223,0.12993333333333335
37,0.053279999999999994,-0.12528,0.1296
38,0.05415703703703703,-0.12399111111111111,0.12826666666666667
39,0.03329037037037037,-0.12447703703703704,0.13026666666666667
40,0.035235555555555555,-0.12626074074074073,0.13213333333333332
41,0.03701851851851852,-0.1273437037037037,0.13326666666666667
42,0.039038518518518514,-0.1291274074074074,0.13513333333333333
43,0.04118,-0.13116592592592594,0.13726666666666668
44,0.04256,-0.13072,0.1368
45,0.044251851851851855,-0.1312296296296296,0.13733333333333334
46,0.04586666666666667,-0.13148444444444446,0.1376
47,0.04739555555555556,-0.13148444444444446,0.1376
48,0.048734814814814814,-0.13097481481481482,0.13706666666666667
49,0.05016,-0.13072,0.1368
50,0.051100740740740745,-0.12925481481481482,0.13526666666666667
51,0.051981481481481476,-0.1277259259259259,0.13366666666666666
52,0.052826666666666675,-0.12619703703703705,0.13206666666666667
53,0.054157037037037045,-0.12587851851851853,0.13173333333333334
54,0.05483259259259259,-0.12409481481481481,0.12986666666666666
55,0.055466666666666664,-0.12231111111111112,0.128
56,0.03354592592592593,-0.12397407407407408,0.13126666666666667
57,0.035235555555555555,-0.12479259259259258,0.13213333333333332
58,0.0372962962962963,-0.1268074074074074,0.13426666666666667
59,0.039038518518518514,-0.12762592592592592,0.13513333333333333
60,0.04118,-0.12964074074074075,0.13726666666666668
61,0.04256,-0.1292,0.1368
62,0.044251851851851855,-0.1297037037037037,0.13733333333333334
63,0.04586666666666667,-0.12995555555555555,0.1376
64,0.04739555555555556,-0.12995555555555555,0.1376
65,0.048734814814814814,-0.12945185185185185,0.13706666666666667
66,0.05016,-0.1292,0.1368
67,0.05147851851851852,-0.1286962962962963,0.13626666666666667
68,0.052370370370370366,-0.12718518518518518,0.13466666666666666
69,0.05333333333333333,-0.12592592592592594,0.13333333333333333
70,0.054157037037037045,-0.12441481481481483,0.13173333333333334
71,0.05483259259259259,-0.12265185185185185,0.12986666666666666
72,0.055466666666666664,-0.12088888888888889,0.128
73,0.03354592592592593,-0.12251555555555556,0.13126666666666667
74,0.03550222222222222,-0.12425777777777777,0.13313333333333333
75,0.0372962962962963,-0.12531555555555557,0.13426666666666667
76,0.039038518518518514,-0.12612444444444443,0.13513333333333333
77,0.04118,-0.12811555555555557,0.13726666666666668
78,0.04287111111111111,-0.12861333333333333,0.1378
79,0.044251851851851855,-0.12817777777777778,0.13733333333333334
80,0.04586666666666667,-0.12842666666666666,0.1376
81,0.04739555555555556,-0.12842666666666666,0.1376
82,0.048734814814814814,-0.1279288888888889,0.13706666666666667
83,0.05016,-0.12768000000000002,0.1368
84,0.05147851851851852,-0.12718222222222222,0.13626666666666667
85,0.052370370370370366,-0.12568888888888888,0.13466666666666666
86,0.05333333333333333,-0.12444444444444444,0.13333333333333333
87,0.05426666666666667,-0.1232,0.132
88,0.05483259259259259,-0.12120888888888888,0.12986666666666666
89,0.055466666666666664,-0.11946666666666668,0.128
90,0.03380148148148148,-0.12197925925925926,0.13226666666666667
91,0.03550222222222222,-0.12277851851851851,0.13313333333333333
92,0.0372962962962963,-0.12382370370370371,0.13426666666666667
93,0.03932740740740741,-0.12554518518518518,0.13613333333333333
94,0.04118,-0.12659037037037038,0.13726666666666668
95,0.04287111111111111,-0.12708222222222224,0.1378
96,0.044251851851851855,-0.12665185185185185,0.13733333333333334
97,0.04586666666666667,-0.12689777777777778,0.1376
98,0.04739555555555556,-0.12689777777777778,0.1376
99,0.048734814814814814,-0.12640592592592595,0.13706666666666667
100,0.05016,-0.12616,0.1368
101,0.05147851851851852,-0.12566814814814817,0.13626666666666667
102,0.052370370370370366,-0.12419259259259259,0.13466666666666666
103,0.05333333333333333,-0.12296296296296295,0.13333333333333333
104,0.05426666666666667,-0.12173333333333335,0.132
105,0.05483259259259259,-0.11976592592592591,0.12986666666666666
106,0.055466666666666664,-0.11804444444444445,0.128
107,0.03380148148148148,-0.12050962962962965,0.13226666666666667
108,0.03550222222222222,-0.12129925925925925,0.13313333333333333
109,0.03757407407407408,-0.12324296296296298,0.13526666666666667
110,0.03932740740740741,-0.1240325925925926,0.13613333333333333
111,0.04118,-0.1250651851851852,0.13726666666666668
112,0.04287111111111111,-0.1255511111111111,0.1378
113,0.04457407407407407,-0.12603703703703703,0.13833333333333334
114,0.04586666666666667,-0.1253688888888889,0.1376
115,0.04739555555555556,-0.1253688888888889,0.1376
116,0.048734814814814814,-0.12488296296296296,0.13706666666666667
117,0.05016,-0.12464000000000001,0.1368
118,0.05147851851851852,-0.12415407407407408,0.13626666666666667
119,0.052370370370370366,-0.12269629629629629,0.13466666666666666
120,0.05333333333333333,-0.12148148148148148,0.13333333333333333
121,0.05426666666666667,-0.12026666666666666,0.132
122,0.05483259259259259,-0.11832296296296296,0.12986666666666666
123,0.055466666666666664,-0.11662222222222222,0.128
124,0.03366518518518519,-0.11856000000000001,0.13173333333333334
125,0.035555555555555556,-0.12000000000000001,0.13333333333333333
126,0.037203703703703704,-0.12054000000000001,0.13393333333333335
127,0.03894222222222222,-0.12132000000000001,0.1348
128,0.041,-0.12299999999999998,0.13666666666666666
129,0.0424562962962963,-0.12282000000000001,0.13646666666666668
130,0.044144444444444444,-0.12330000000000002,0.137
131,0.04593333333333334,-0.12402000000000002,0.1378
132,0.04746444444444444,-0.12402000000000002,0.1378
133,0.04845037037037037,-0.12264000000000001,0.13626666666666667
134,0.0497688888888889,-0.12216,0.13573333333333334
135,0.0511762962962963,-0.12192000000000001,0.13546666666666668
136,0.05216296296296296,-0.12072,0.13413333333333333
137,0.053226666666666665,-0.11975999999999999,0.13306666666666667
138,0.05426666666666667,-0.1188,0.132
139,0.05483259259259259,-0.11688,0.12986666666666666
140,0.055351111111111115,-0.11496,0.12773333333333334
141,0.035271111111111114,-0.11757037037037037,0.13226666666666667
142,0.0369074074074074,-0.1181037037037037,0.13286666666666666
143,0.03884592592592593,-0.11952592592592595,0.13446666666666668
144,0.04052,-0.12005925925925925,0.13506666666666667
145,0.042352592592592594,-0.1210074074074074,0.13613333333333333
146,0.04380074074074074,-0.12082962962962962,0.13593333333333332
147,0.04557777777777778,-0.12154074074074075,0.13673333333333335
148,0.04709703703703705,-0.12154074074074075,0.13673333333333335
149,0.048521481481481485,-0.12130370370370372,0.13646666666666668
150,0.04984222222222222,-0.12082962962962962,0.13593333333333332
151,0.050874074074074065,-0.1197037037037037,0.13466666666666666
152,0.05195555555555556,-0.11875555555555554,0.1336
153,0.053013333333333336,-0.11780740740740742,0.13253333333333334
154,0.05426666666666667,-0.11733333333333335,0.132
155,0.05471999999999999,-0.11519999999999998,0.1296
156,0.05523555555555556,-0.1133037037037037,0.12746666666666667
157,0.03532444444444445,-0.11627629629629631,0.13246666666666668
158,0.03688888888888889,-0.1165688888888889,0.1328
159,0.03846074074074074,-0.11686148148148147,0.13313333333333333
160,0.04034,-0.11803185185185186,0.13446666666666668
161,0.04185481481481482,-0.11809037037037039,0.13453333333333334
162,0.043693333333333334,-0.11902666666666667,0.1356
163,0.04522222222222221,-0.11908518518518518,0.13566666666666666
164,0.04672962962962963,-0.11908518518518518,0.13566666666666666
165,0.04814222222222222,-0.11885111111111112,0.1354
166,0.049548888888888885,-0.11861703703703702,0.13513333333333333
167,0.05094962962962962,-0.11838296296296295,0.13486666666666666
168,0.05213703703703703,-0.11768074074074074,0.13406666666666667
169,0.05330666666666667,-0.11697851851851852,0.13326666666666667
170,0.05456814814814815,-0.11651037037037038,0.13273333333333334
171,0.05514222222222222,-0.11463777777777777,0.1306
172,0.05566888888888889,-0.11276518518518519,0.12846666666666667
173,0.038210370370370374,-0.11463111111111111,0.13226666666666667
174,0.039619999999999995,-0.11445777777777777,0.13206666666666667
175,0.041336296296296295,-0.1151511111111111,0.13286666666666666
176,0.04283407407407408,-0.11520888888888889,0.13293333333333335
177,0.044577777777777786,-0.11590222222222223,0.13373333333333334
178,0.046063703703703704,-0.11590222222222223,0.13373333333333334
179,0.047099259259259264,-0.11480444444444446,0.13246666666666668
180,0.04847333333333334,-0.11457333333333333,0.1322
181,0.04994222222222223,-0.11457333333333333,0.1322
182,0.051203703703703696,-0.11411111111111111,0.13166666666666665
183,0.05245333333333333,-0.11364888888888888,0.13113333333333332
184,0.05380074074074074,-0.11341777777777777,0.13086666666666666
185,0.05457925925925926,-0.11203111111111112,0.12926666666666667
186,0.04058962962962963,-0.11162148148148149,0.13046666666666668
187,0.04212518518518519,-0.11184962962962963,0.13073333333333334
188,0.04351111111111111,-0.11167851851851852,0.13053333333333333
189,0.044961481481481484,-0.11167851851851852,0.13053333333333333
190,0.04641185185185185,-0.11167851851851852,0.13053333333333333
191,0.04776444444444444,-0.11145037037037038,0.13026666666666667
192,0.04883407407407407,-0.11059481481481481,0.12926666666666667
193,0.05016666666666667,-0.11036666666666667,0.129
194,0.0516,-0.11036666666666667,0.129
195,0.05303333333333333,-0.11036666666666667,0.129
196,-0.01344666666666667,-0.09562074074074076,0.13446666666666668
197,-0.011952592592592595,-0.09562074074074076,0.13446666666666668
198,-0.010536296296296297,-0.09633185185185186,0.13546666666666668
199,-0.01927851851851852,-0.09342666666666667,0.13346666666666668
200,-0.018000000000000002,-0.09450000000000001,0.135
201,-0.016565185185185186,-0.09487333333333334,0.13553333333333334
202,-0.01508888888888889,-0.09506,0.1358
203,-0.013606666666666668,-0.09524666666666667,0.13606666666666667
204,-0.012183703703703704,-0.09594666666666668,0.13706666666666667
205,-0.01064,-0.09576000000000001,0.1368
206,-0.00912,-0.09576000000000001,0.1368
207,-0.007655555555555556,-0.09646,0.1378
208,-0.006088888888888889,-0.0959,0.137
209,-0.020844444444444447,-0.09231111111111111,0.134
210,-0.019615555555555556,-0.09355111111111113,0.1358
211,-0.018213333333333335,-0.09410222222222223,0.1366
212,-0.01676074074074074,-0.09446962962962964,0.13713333333333333
213,-0.015266666666666666,-0.09465333333333333,0.1374
214,-0.013893333333333336,-0.09570962962962964,0.13893333333333335
215,-0.012325925925925926,-0.09552592592592593,0.13866666666666666
216,-0.010785185185185184,-0.09552592592592593,0.13866666666666666
217,-0.009293333333333334,-0.09603111111111111,0.1394
218,-0.00772962962962963,-0.0958474074074074,0.13913333333333333
219,-0.006136296296296297,-0.09511259259259258,0.13806666666666667
220,-0.004591111111111111,-0.09488296296296297,0.13773333333333335
221,0.02063111111111111,-0.10659407407407406,0.15473333333333333
222,0.02235037037037037,-0.10659407407407406,0.15473333333333333
223,0.02406962962962963,-0.10659407407407406,0.15473333333333333
224,0.025788888888888892,-0.10659407407407406,0.15473333333333333
225,0.02746074074074074,-0.10641037037037036,0.15446666666666667
226,0.029177037037037036,-0.10641037037037036,0.15446666666666667
227,-0.025260740740740743,-0.09064148148148149,0.13373333333333334
228,-0.023964444444444444,-0.09136444444444444,0.1348
229,-0.022766666666666664,-0.09258444444444444,0.1366
230,-0.021373333333333334,-0.09312666666666666,0.1374
231,-0.020000740740740743,-0.09384962962962964,0.13846666666666668
232,-0.018604444444444444,-0.0945725925925926,0.13953333333333334
233,-0.017241481481481483,-0.09561185185185186,0.14106666666666667
234,-0.015703703703703702,-0.0957925925925926,0.14133333333333334
235,-0.014186666666666665,-0.09615407407407409,0.14186666666666667
236,-0.012675555555555556,-0.09665111111111112,0.1426
237,-0.01104962962962963,-0.09628962962962964,0.14206666666666667
238,-0.009435555555555556,-0.09592814814814815,0.14153333333333334
239,-0.00781851851851852,-0.09538592592592593,0.14073333333333335
240,-0.0062281481481481485,-0.09497925925925925,0.14013333333333333
241,-0.004617777777777778,-0.09389481481481482,0.13853333333333334
242,0.013552592592592592,-0.10333851851851852,0.15246666666666667
243,0.015426666666666665,-0.10455851851851852,0.15426666666666666
244,0.01731111111111111,-0.10559777777777778,0.1558
245,0.019107407407407406,-0.10595925925925925,0.15633333333333332
246,0.02108444444444444,-0.10717925925925925,0.15813333333333332
247,0.022841481481481477,-0.10717925925925925,0.15813333333333332
248,0.024557037037037037,-0.10699851851851852,0.15786666666666666
249,0.02631111111111111,-0.10699851851851852,0.15786666666666666
250,0.028017777777777777,-0.10681777777777778,0.1576
251,0.02966814814814815,-0.1064562962962963,0.15706666666666666
252,0.03130666666666667,-0.10609481481481481,0.15653333333333333
253,0.03287703703703704,-0.10555259259259259,0.15573333333333333
254,-0.027106666666666668,-0.09035555555555555,0.13553333333333334
255,-0.025852592592592594,-0.09124444444444445,0.13686666666666666
256,-0.024568888888888894,-0.09213333333333334,0.13820000000000002
257,-0.02321111111111111,-0.09284444444444444,0.13926666666666668
258,-0.02178814814814815,-0.09337777777777778,0.14006666666666667
259,-0.02053037037037037,-0.09475555555555557,0.14213333333333333
260,-0.019093333333333334,-0.09546666666666666,0.1432
261,-0.01756740740740741,-0.09582222222222223,0.14373333333333335
262,-0.01602962962962963,-0.09617777777777778,0.14426666666666668
263,-0.014553333333333335,-0.09702222222222223,0.14553333333333335
264,-0.012912592592592594,-0.09684444444444446,0.14526666666666668
265,-0.011236296296296298,-0.09631111111111113,0.1444666666666667
266,-0.009644444444444445,-0.09644444444444444,0.14466666666666667
267,-0.007977777777777778,-0.09573333333333332,0.1436
268,-0.006287407407407408,-0.09431111111111112,0.14146666666666668
269,-0.004677777777777778,-0.09355555555555556,0.14033333333333334
270,-0.0030770370370370374,-0.09231111111111114,0.13846666666666668
271,0.010115555555555555,-0.10115555555555554,0.15173333333333333
272,0.011962222222222223,-0.10253333333333334,0.1538
273,0.01383111111111111,-0.10373333333333332,0.1556
274,0.015739999999999997,-0.10493333333333332,0.15739999999999998
275,0.017518518518518517,-0.1051111111111111,0.15766666666666665
276,0.01949037037037037,-0.1063111111111111,0.15946666666666667
277,0.021404444444444445,-0.10702222222222221,0.16053333333333333
278,0.02318814814814815,-0.10702222222222221,0.16053333333333333
279,0.024930370370370367,-0.10684444444444444,0.16026666666666667
280,0.026666666666666665,-0.10666666666666666,0.16
281,0.028622222222222223,-0.10733333333333334,0.161
282,0.03002074074074074,-0.10595555555555557,0.15893333333333334
283,0.03157333333333333,-0.10524444444444445,0.15786666666666666
284,0.03310222222222222,-0.10453333333333333,0.1568
285,0.03454814814814815,-0.10364444444444444,0.15546666666666667
286,-0.028612592592592596,-0.08884962962962963,0.13553333333333334
287,-0.02753333333333333,-0.09024814814814815,0.13766666666666666
288,-0.02625555555555556,-0.09112222222222223,0.139
289,-0.024995555555555556,-0.09217111111111112,0.1406
290,-0.023822222222222224,-0.09370074074074074,0.14293333333333333
291,-0.022358518518518524,-0.09422518518518519,0.14373333333333335
292,-0.020915555555555555,-0.09492444444444445,0.1448
293,-0.019484444444444447,-0.09579851851851853,0.14613333333333334
294,-0.01804814814814815,-0.09680370370370371,0.14766666666666667
295,-0.016466666666666668,-0.09715333333333334,0.1482
296,-0.014846666666666668,-0.09732814814814815,0.14846666666666666
297,-0.013173333333333334,-0.09715333333333334,0.1482
298,-0.011500740740740742,-0.09693481481481482,0.14786666666666667
299,-0.009786666666666667,-0.09623555555555556,0.1468
300,-0.008081481481481483,-0.09536148148148149,0.1454666666666667
301,-0.006346666666666667,-0.09361333333333334,0.1428
302,-0.004704444444444444,-0.09252074074074075,0.14113333333333333
303,-0.0031111111111111114,-0.09177777777777779,0.14
304,0.008429629629629629,-0.09946962962962963,0.15173333333333333
305,0.010288888888888887,-0.10117407407407407,0.15433333333333332
306,0.012164444444444441,-0.10252888888888888,0.15639999999999998
307,0.014085925925925927,-0.1038837037037037,0.15846666666666667
308,0.015953333333333333,-0.10458296296296296,0.15953333333333333
309,0.017896296296296296,-0.10558814814814814,0.16106666666666666
310,0.019783703703703703,-0.10611259259259259,0.16186666666666666
311,0.02168888888888889,-0.10663703703703703,0.16266666666666665
312,0.023640740740740736,-0.10729259259259258,0.16366666666666665
313,0.025459259259259258,-0.10729259259259258,0.16366666666666665
314,0.027233333333333328,-0.10711777777777777,0.1634
315,0.02900148148148148,-0.10694296296296295,0.16313333333333332
316,0.030511851851851853,-0.10589407407407408,0.16153333333333333
317,0.032040000000000006,-0.10502,0.1602
318,0.033271111111111105,-0.10331555555555555,0.1576
319,0.034725925925925924,-0.1024414814814815,0.15626666666666666
320,-0.030103703703703705,-0.08730074074074075,0.13546666666666668
321,-0.029161481481481483,-0.08901925925925927,0.13813333333333333
322,-0.02816,-0.09073777777777779,0.1408
323,-0.026897777777777777,-0.09176888888888889,0.1424
324,-0.025600000000000005,-0.09280000000000001,0.14400000000000002
325,-0.02426666666666667,-0.09383111111111112,0.1456
326,-0.022731851851851854,-0.09417481481481482,0.14613333333333334
327,-0.021252592592592594,-0.09481925925925927,0.14713333333333334
328,-0.019688888888888888,-0.09516296296296298,0.14766666666666667
329,-0.018113333333333332,-0.09550666666666666,0.1482
330,-0.016525925925925927,-0.09585037037037036,0.14873333333333333
331,-0.015000000000000001,-0.09666666666666668,0.15000000000000002
332,-0.01330962962962963,-0.09649481481481481,0.14973333333333333
333,-0.011562962962962962,-0.09580740740740741,0.14866666666666667
334,-0.009822222222222224,-0.09494814814814816,0.14733333333333334
335,-0.008166666666666668,-0.09473333333333335,0.14700000000000002
336,-0.006426666666666667,-0.09318666666666668,0.1446
337,-0.004764444444444445,-0.09211259259259261,0.14293333333333336
338,-0.0031451851851851853,-0.09121037037037039,0.14153333333333334
339,0.008574074074074074,-0.09945925925925925,0.15433333333333332
340,0.010515555555555556,-0.10165037037037036,0.15773333333333334
341,0.01235111111111111,-0.10233777777777778,0.1588
342,0.014346666666666666,-0.10401333333333333,0.1614
343,0.016373333333333333,-0.10551703703703705,0.16373333333333334
344,0.018192592592592594,-0.10551703703703705,0.16373333333333334
345,0.019979259259259256,-0.10534518518518517,0.16346666666666665
346,0.021928888888888887,-0.10598962962962961,0.16446666666666665
347,0.023756296296296296,-0.10598962962962961,0.16446666666666665
348,0.025542222222222223,-0.10581777777777776,0.16419999999999998
349,0.027322222222222216,-0.10564592592592592,0.16393333333333332
350,0.029096296296296294,-0.10547407407407407,0.16366666666666665
351,0.03066296296296296,-0.10461481481481481,0.16233333333333333
352,0.032093333333333335,-0.10341185185185187,0.16046666666666667
353,0.03359481481481481,-0.10255259259259258,0.15913333333333332
354,0.03506666666666666,-0.10169333333333333,0.1578
355,0.036337777777777774,-0.10036148148148148,0.15573333333333333
356,-0.030281481481481482,-0.08630222222222222,0.13626666666666667
357,-0.029499259259259263,-0.08849777777777779,0.13973333333333335
358,-0.02864,-0.09069333333333333,0.1432
359,-0.027351111111111114,-0.09170666666666667,0.1448
360,-0.026204444444444443,-0.09335333333333333,0.1474
361,-0.024788888888888888,-0.09419777777777778,0.14873333333333333
362,-0.02317777777777778,-0.0943666666666667,0.14900000000000002
363,-0.021522222222222224,-0.0943666666666667,0.14900000000000002
364,-0.019902222222222227,-0.09453555555555557,0.1492666666666667
365,-0.018211111111111115,-0.0943666666666667,0.14900000000000002
366,-0.0166962962962963,-0.0951688888888889,0.1502666666666667
367,-0.015053333333333335,-0.09533777777777779,0.15053333333333335
368,-0.013380740740740742,-0.09533777777777779,0.15053333333333335
369,-0.011604444444444445,-0.09449333333333333,0.1492
370,-0.009924444444444444,-0.09428222222222223,0.14886666666666667
371,-0.008211111111111112,-0.09360666666666669,0.14780000000000001
372,-0.006494814814814815,-0.09255111111111113,0.14613333333333334
373,-0.0047911111111111114,-0.09103111111111113,0.14373333333333335
374,-0.0031851851851851854,-0.09077777777777778,0.14333333333333334
375,-0.0015940740740740744,-0.09086222222222225,0.1434666666666667
376,0.0067555555555555554,-0.09626666666666667,0.152
377,0.008662962962962964,-0.09875777777777779,0.15593333333333334
378,0.010657777777777776,-0.10124888888888887,0.15986666666666666
379,0.012636296296296297,-0.10289555555555553,0.16246666666666665
380,0.014583703703703703,-0.1039088888888889,0.16406666666666667
381,0.016666666666666666,-0.10555555555555556,0.16666666666666666
382,0.018518518518518517,-0.10555555555555556,0.16666666666666666
383,0.02046,-0.10602,0.1674
384,0.022248888888888887,-0.10568222222222222,0.16686666666666666
385,0.024064444444444444,-0.10551333333333333,0.1666
386,0.02570814814814815,-0.10466888888888891,0.16526666666666667
387,0.027455555555555556,-0.10433111111111112,0.16473333333333334
388,0.029416296296296295,-0.10479555555555554,0.16546666666666665
389,0.0307637037037037,-0.10314888888888889,0.16286666666666666
390,0.0322,-0.10196666666666666,0.161
391,0.03365111111111111,-0.10095333333333333,0.1594
392,0.03518518518518518,-0.10027777777777779,0.15833333333333333
393,0.03652444444444444,-0.09913777777777777,0.15653333333333333
394,0.03813333333333333,-0.0988,0.156
395,-0.03074074074074074,-0.08607407407407408,0.13833333333333334
396,-0.03004814814814815,-0.08856296296296297,0.14233333333333334
397,-0.029320000000000002,-0.09121777777777777,0.1466
398,-0.027993333333333335,-0.09221333333333333,0.1482
399,-0.026631111111111112,-0.09320888888888891,0.14980000000000002
400,-0.025233333333333333,-0.09420444444444445,0.1514
401,-0.023551111111111113,-0.09420444444444445,0.1514
402,-0.02197481481481482,-0.09466074074074074,0.15213333333333334
403,-0.020284444444444445,-0.09466074074074074,0.15213333333333334
404,-0.01856148148148148,-0.09449481481481482,0.15186666666666668
405,-0.016755555555555558,-0.09383111111111112,0.15080000000000002
406,-0.015106666666666668,-0.09399703703703705,0.15106666666666668
407,-0.013428148148148149,-0.09399703703703705,0.15106666666666668
408,-0.011723703703703703,-0.09378962962962963,0.15073333333333333
409,-0.009977777777777778,-0.09312592592592593,0.14966666666666667
410,-0.008240740740740741,-0.09229629629629629,0.14833333333333334
411,-0.00653037037037037,-0.09142518518518518,0.14693333333333333
412,-0.004851111111111112,-0.09055407407407409,0.14553333333333335
413,-0.003225185185185185,-0.09030518518518518,0.14513333333333334
414,-0.001614074074074074,-0.09038814814814813,0.14526666666666666
415,0.006847407407407407,-0.0958637037037037,0.15406666666666666
416,0.008807407407407406,-0.09864296296296296,0.15853333333333333
417,0.0108,-0.10080000000000001,0.162
418,0.012822962962962961,-0.10258370370370369,0.16486666666666666
419,0.01490962962962963,-0.10436740740740742,0.16773333333333335
420,0.01696,-0.1055288888888889,0.1696
421,0.018955555555555555,-0.1061511111111111,0.1706
422,0.02081851851851852,-0.1059851851851852,0.17033333333333334
423,0.022675555555555556,-0.10581925925925927,0.17006666666666667
424,0.02448814814814815,-0.10548740740740742,0.16953333333333334
425,0.02604,-0.10416,0.1674
426,0.027755555555555558,-0.10362074074074074,0.16653333333333334
427,0.029511111111111113,-0.1032888888888889,0.166
428,0.031053333333333332,-0.10229333333333332,0.1644
429,0.03250666666666667,-0.10113185185185185,0.16253333333333334
430,0.03370740740740741,-0.09934814814814814,0.15966666666666665
431,0.035362962962962964,-0.09901629629629628,0.15913333333333332
432,0.03700666666666667,-0.09868444444444444,0.1586
433,0.038394074074074074,-0.09773037037037037,0.15706666666666666
434,0.039730370370370374,-0.09673481481481482,0.15546666666666667
435,-0.03074074074074074,-0.08453703703703704,0.13833333333333334
436,-0.03004814814814815,-0.08698148148148149,0.14233333333333334
437,-0.02952,-0.0902,0.1476
438,-0.028182222222222223,-0.09117777777777777,0.1492
439,-0.026808888888888893,-0.09215555555555556,0.15080000000000002
440,-0.0254,-0.09313333333333333,0.1524
441,-0.023706666666666668,-0.09313333333333333,0.1524
442,-0.02197481481481482,-0.09297037037037038,0.15213333333333334
443,-0.020284444444444445,-0.09297037037037038,0.15213333333333334
444,-0.01856148148148148,-0.09280740740740742,0.15186666666666668
445,-0.01686666666666667,-0.09276666666666666,0.15180000000000002
446,-0.01520666666666667,-0.09292962962962964,0.15206666666666668
447,-0.01351703703703704,-0.09292962962962964,0.15206666666666668
448,-0.011723703703703703,-0.09211481481481482,0.15073333333333333
449,-0.009977777777777778,-0.09146296296296297,0.14966666666666667
450,-0.008296296296296296,-0.09125925925925928,0.14933333333333335
451,-0.006574814814814815,-0.0904037037037037,0.14793333333333333
452,-0.004884444444444445,-0.08954814814814817,0.14653333333333335
453,-0.0032474074074074076,-0.08930370370370369,0.14613333333333334
454,-0.0016362962962962963,-0.08999629629629628,0.14726666666666666
455,0.006847407407407407,-0.09415185185185185,0.15406666666666666
456,0.008807407407407406,-0.09688148148148149,0.15853333333333333
457,0.010866666666666667,-0.09961111111111111,0.163
458,0.012822962962962961,-0.10075185185185184,0.16486666666666666
459,0.01490962962962963,-0.10250370370370371,0.16773333333333335
460,0.01696,-0.10364444444444444,0.1696
461,0.018955555555555555,-0.10425555555555556,0.1706
462,0.02081851851851852,-0.1040925925925926,0.17033333333333334
463,0.022675555555555556,-0.10392962962962964,0.17006666666666667
464,0.02448814814814815,-0.10360370370370371,0.16953333333333334
465,0.026195555555555552,-0.10291111111111112,0.1684
466,0.027755555555555558,-0.10177037037037039,0.16653333333333334
467,0.02955851851851852,-0.10160740740740742,0.16626666666666667
468,0.031103703703703703,-0.10062962962962962,0.16466666666666666
469,0.03256,-0.09948888888888889,0.1628
470,0.03382,-0.0979,0.1602
471,0.035422222222222216,-0.0974111111111111,0.1594
472,0.03706888888888889,-0.09708518518518518,0.15886666666666666
473,0.038459259259259256,-0.09614814814814814,0.15733333333333333
474,0.03979851851851852,-0.09517037037037036,0.15573333333333333
475,-0.030962962962962963,-0.0836,0.13933333333333334
476,-0.030259259259259264,-0.08600000000000001,0.14333333333333334
477,-0.02952,-0.08856,0.1476
478,-0.028182222222222223,-0.08951999999999999,0.1492
479,-0.026808888888888893,-0.09048,0.15080000000000002
480,-0.0254,-0.09144,0.1524
481,-0.023706666666666668,-0.09144,0.1524
482,-0.022119259259259262,-0.09188000000000002,0.15313333333333334
483,-0.020417777777777778,-0.09188000000000002,0.15313333333333334
484,-0.018683703703703706,-0.09172000000000001,0.15286666666666668
485,-0.01686666666666667,-0.09108000000000001,0.15180000000000002
486,-0.01518,-0.09108000000000001,0.15180000000000002
487,-0.013493333333333335,-0.09108000000000001,0.15180000000000002
488,-0.011702962962962962,-0.09028,0.15046666666666667
489,-0.010026666666666668,-0.09024000000000001,0.1504
490,-0.008337037037037039,-0.09004,0.15006666666666668
491,-0.006607407407407407,-0.0892,0.14866666666666667
492,-0.004951111111111112,-0.08912000000000002,0.14853333333333335
493,-0.0032918518518518514,-0.08887999999999999,0.1481333333333333
494,-0.0016474074074074073,-0.08896,0.14826666666666666
495,0.006847407407407407,-0.09244,0.15406666666666666
496,0.008807407407407406,-0.09512000000000001,0.15853333333333333
497,0.010866666666666667,-0.0978,0.163
498,0.012822962962962961,-0.09892,0.16486666666666666
499,0.01490962962962963,-0.10064000000000001,0.16773333333333335
500,0.01696,-0.10176,0.1696
501,0.018955555555555555,-0.10236,0.1706
502,0.02081851851851852,-0.1022,0.17033333333333334
503,0.022675555555555556,-0.10204,0.17006666666666667
504,0.02448814814814815,-0.10172,0.16953333333333334
505,0.026195555555555552,-0.10104,0.1684
506,0.027755555555555558,-0.09992000000000001,0.16653333333333334
507,0.029511111111111113,-0.09960000000000001,0.166
508,0.031053333333333332,-0.09863999999999999,0.1644
509,0.03256,-0.09768,0.1628
510,0.03387629629629629,-0.09628,0.16046666666666667
511,0.03554074074074075,-0.09596,0.15993333333333334
512,0.03713111111111111,-0.09548,0.15913333333333332
513,0.03852444444444444,-0.09455999999999999,0.1576
514,0.03986666666666667,-0.09359999999999999,0.156
515,-0.030962962962962963,-0.08205185185185185,0.13933333333333334
516,-0.030259259259259264,-0.0844074074074074,0.14333333333333334
517,-0.029720000000000003,-0.0875088888888889,0.1486
518,-0.02837111111111111,-0.08845111111111112,0.1502
519,-0.02698666666666667,-0.08939333333333334,0.15180000000000002
520,-0.025566666666666668,-0.09033555555555556,0.1534
521,-0.023862222222222226,-0.09033555555555556,0.1534
522,-0.022119259259259262,-0.09017851851851852,0.15313333333333334
523,-0.020417777777777778,-0.09017851851851852,0.15313333333333334
524,-0.018683703703703706,-0.09002148148148148,0.15286666666666668
525,-0.01686666666666667,-0.08939333333333334,0.15180000000000002
526,-0.015153333333333335,-0.0892362962962963,0.15153333333333335
527,-0.013469629629629632,-0.0892362962962963,0.15153333333333335
528,-0.01176,-0.08904000000000001,0.1512
529,-0.00999111111111111,-0.08825481481481481,0.14986666666666668
530,-0.008322222222222224,-0.08821555555555556,0.14980000000000002
531,-0.006651851851851852,-0.08813703703703704,0.14966666666666667
532,-0.004975555555555555,-0.08790148148148148,0.14926666666666666
533,-0.0033140740740740735,-0.08782296296296295,0.1491333333333333
534,-0.0016585185185185184,-0.08790148148148148,0.14926666666666666
535,0.006847407407407407,-0.09072814814814814,0.15406666666666666
536,0.008807407407407406,-0.09335851851851851,0.15853333333333333
537,0.010866666666666667,-0.0959888888888889,0.163
538,0.012822962962962961,-0.09708814814814813,0.16486666666666666
539,0.01490962962962963,-0.0987762962962963,0.16773333333333335
540,0.01696,-0.09987555555555555,0.1696
541,0.018955555555555555,-0.10046444444444445,0.1706
542,0.02081851851851852,-0.10030740740740741,0.17033333333333334
543,0.022675555555555556,-0.10015037037037036,0.17006666666666667
544,0.02448814814814815,-0.09983629629629631,0.16953333333333334
545,0.02604,-0.09857999999999999,0.1674
546,0.027633333333333336,-0.09763777777777778,0.1658
547,0.029463703703703707,-0.09759851851851852,0.16573333333333334
548,0.030864444444444444,-0.09622444444444445,0.1634
549,0.03241333333333333,-0.09543925925925927,0.16206666666666666
550,0.03398888888888889,-0.09481111111111111,0.161
551,0.0356,-0.09434000000000001,0.1602
552,0.03702222222222222,-0.09343703703703703,0.15866666666666665
553,0.03865481481481481,-0.09312296296296295,0.15813333333333332
554,0.03993481481481481,-0.09202370370370369,0.15626666666666666
555,-0.031185185185185184,-0.08108148148148148,0.14033333333333334
556,-0.03047037037037037,-0.0833925925925926,0.14433333333333334
557,-0.029720000000000003,-0.08585777777777778,0.1486
558,-0.02837111111111111,-0.08678222222222222,0.1502
559,-0.02698666666666667,-0.08770666666666668,0.15180000000000002
560,-0.025566666666666668,-0.08863111111111112,0.1534
561,-0.023862222222222226,-0.08863111111111112,0.1534
562,-0.022119259259259262,-0.08847703703703705,0.15313333333333334
563,-0.020417777777777778,-0.08847703703703705,0.15313333333333334
564,-0.018683703703703706,-0.08832296296296296,0.15286666666666668
565,-0.01686666666666667,-0.08770666666666668,0.15180000000000002
566,-0.01522666666666667,-0.0879762962962963,0.1522666666666667
567,-0.013534814814814817,-0.0879762962962963,0.1522666666666667
568,-0.011739259259259258,-0.08720592592592592,0.15093333333333334
569,-0.009973333333333334,-0.08643555555555556,0.1496
570,-0.008362962962962964,-0.08697481481481482,0.15053333333333335
571,-0.00664,-0.08632000000000001,0.1494
572,-0.005008888888888888,-0.08682074074074073,0.15026666666666666
573,-0.0033140740740740735,-0.08616592592592591,0.1491333333333333
574,-0.0016585185185185184,-0.08624296296296295,0.14926666666666666
575,0.006847407407407407,-0.08901629629629629,0.15406666666666666
576,0.008807407407407406,-0.09159703703703703,0.15853333333333333
577,0.010866666666666667,-0.09417777777777779,0.163
578,0.012822962962962961,-0.09525629629629628,0.16486666666666666
579,0.01490962962962963,-0.09691259259259259,0.16773333333333335
580,0.01696,-0.09799111111111111,0.1696
581,0.018844444444444445,-0.09799111111111111,0.1696
582,0.02081851851851852,-0.09841481481481482,0.17033333333333334
583,0.022675555555555556,-0.09826074074074073,0.17006666666666667
584,0.02448814814814815,-0.0979525925925926,0.16953333333333334
585,0.02604,-0.09671999999999999,0.1674
586,0.02767777777777778,-0.09594962962962962,0.16606666666666667
587,0.029238518518518514,-0.09502518518518518,0.16446666666666665
588,0.030864444444444444,-0.09440888888888889,0.1634
589,0.032466666666666665,-0.09379259259259258,0.16233333333333333
590,0.034045185185185185,-0.0931762962962963,0.16126666666666667
591,0.03565925925925926,-0.09271407407407409,0.16046666666666667
592,0.03702222222222222,-0.09167407407407406,0.15866666666666665
593,0.03865481481481481,-0.0913659259259259,0.15813333333333332
594,0.039679259259259254,-0.08970962962962964,0.15526666666666666
595,-0.03106666666666667,-0.07922,0.1398
596,-0.030188888888888894,-0.08103333333333335,0.14300000000000002
597,-0.029239999999999995,-0.08284666666666667,0.1462
598,-0.02791777777777778,-0.08375333333333335,0.14780000000000001
599,-0.02660740740740741,-0.08481111111111111,0.14966666666666667
600,-0.025255555555555555,-0.0858688888888889,0.15153333333333335
601,-0.023613333333333337,-0.08602000000000001,0.15180000000000002
602,-0.02188814814814815,-0.0858688888888889,0.15153333333333335
603,-0.02020444444444445,-0.0858688888888889,0.15153333333333335
604,-0.018610370370370374,-0.08628444444444446,0.1522666666666667
605,-0.016859259259259258,-0.08598222222222221,0.15173333333333333
606,-0.01522666666666667,-0.08628444444444446,0.1522666666666667
607,-0.013511111111111113,-0.08613333333333335,0.15200000000000002
608,-0.011718518518518519,-0.08537777777777777,0.15066666666666667
609,-0.010022222222222224,-0.0851888888888889,0.15033333333333335
610,-0.008333333333333335,-0.08500000000000002,0.15000000000000002
611,-0.006660740740740741,-0.08492444444444444,0.14986666666666668
612,-0.004991111111111111,-0.08484888888888889,0.14973333333333333
613,-0.003324444444444444,-0.08477333333333333,0.14959999999999998
614,-0.0016555555555555555,-0.08443333333333333,0.149
615,0.006823703703703703,-0.08700222222222222,0.15353333333333333
616,0.008733333333333334,-0.08908,0.1572
617,0.010675555555555554,-0.09074222222222222,0.16013333333333332
618,0.012677777777777777,-0.09236666666666668,0.163
619,0.014654814814814815,-0.09342444444444443,0.16486666666666666
620,0.016773333333333335,-0.0950488888888889,0.16773333333333335
621,0.01863703703703704,-0.0950488888888889,0.16773333333333335
622,0.020557777777777776,-0.09531333333333332,0.1682
623,0.02239111111111111,-0.0951622222222222,0.16793333333333332
624,0.024179999999999997,-0.09486,0.1674
625,0.025874074074074077,-0.09425555555555556,0.16633333333333333
626,0.02758888888888889,-0.09380222222222222,0.16553333333333334
627,0.029238518518518514,-0.09319777777777777,0.16446666666666665
628,0.030864444444444444,-0.09259333333333332,0.1634
629,0.03252,-0.09214,0.1626
630,0.03410148148148148,-0.09153555555555556,0.16153333333333333
631,0.03543703703703704,-0.09036444444444444,0.15946666666666667
632,0.03695999999999999,-0.08975999999999998,0.15839999999999999
633,0.038279999999999995,-0.08873999999999999,0.1566
634,0.03954296296296297,-0.08768222222222222,0.15473333333333333
635,-0.030948148148148148,-0.07737037037037038,0.13926666666666668
636,-0.02985111111111111,-0.07855555555555556,0.1414
637,-0.02876,-0.0798888888888889,0.1438
638,-0.027703703703703703,-0.08148148148148147,0.14666666666666667
639,-0.02640592592592593,-0.08251851851851853,0.14853333333333335
640,-0.025066666666666668,-0.08355555555555556,0.1504
641,-0.023478518518518517,-0.08385185185185186,0.15093333333333334
642,-0.02180148148148148,-0.08385185185185186,0.15093333333333334
643,-0.02016,-0.084,0.1512
644,-0.01848,-0.084,0.1512
645,-0.01682962962962963,-0.08414814814814815,0.15146666666666667
646,-0.015173333333333332,-0.0842962962962963,0.15173333333333333
647,-0.013487407407407408,-0.0842962962962963,0.15173333333333333
648,-0.011697777777777777,-0.08355555555555556,0.1504
649,-0.009986666666666668,-0.08322222222222224,0.14980000000000002
650,-0.008303703703703704,-0.08303703703703705,0.1494666666666667
651,-0.006637037037037038,-0.08296296296296297,0.14933333333333335
652,-0.005006666666666667,-0.08344444444444445,0.1502
653,-0.0033185185185185184,-0.08296296296296296,0.14933333333333332
654,-0.0016525925925925924,-0.08262962962962962,0.14873333333333333
655,0.006811851851851852,-0.08514814814814814,0.15326666666666666
656,0.008618518518518518,-0.08618518518518517,0.15513333333333332
657,0.010533333333333332,-0.08777777777777779,0.158
658,0.01251185185185185,-0.08937037037037036,0.16086666666666666
659,0.014465185185185185,-0.09040740740740741,0.16273333333333334
660,0.01646,-0.09144444444444445,0.1646
661,0.0184,-0.092,0.1656
662,0.020207407407407407,-0.09185185185185184,0.16533333333333333
663,0.022106666666666667,-0.09211111111111112,0.1658
664,0.024025925925925926,-0.09240740740740741,0.16633333333333333
665,0.025791111111111112,-0.09211111111111112,0.1658
666,0.027544444444444444,-0.09181481481481482,0.16526666666666667
667,0.029238518518518514,-0.09137037037037037,0.16446666666666665
668,0.030864444444444444,-0.09077777777777778,0.1634
669,0.03232,-0.08977777777777778,0.1616
670,0.03389037037037037,-0.08918518518518519,0.16053333333333333
671,0.03543703703703704,-0.0885925925925926,0.15946666666666667
672,0.036664444444444444,-0.08729629629629629,0.15713333333333332
673,0.03821481481481481,-0.08685185185185185,0.15633333333333332
674,0.03921925925925926,-0.08525925925925927,0.15346666666666667
675,-0.030888888888888893,-0.07567777777777779,0.139
676,-0.02989333333333333,-0.07709333333333333,0.1416
677,-0.028640000000000002,-0.07796444444444445,0.14320000000000002
678,-0.027300740740740743,-0.07869037037037038,0.14453333333333335
679,-0.026074074074074076,-0.07985185185185185,0.14666666666666667
680,-0.024800000000000003,-0.08101333333333334,0.14880000000000002
681,-0.02322962962962963,-0.08130370370370371,0.14933333333333335
682,-0.02160888888888889,-0.0814488888888889,0.1496
683,-0.020053333333333336,-0.08188444444444444,0.1504
684,-0.018414814814814814,-0.08202962962962963,0.15066666666666667
685,-0.016770370370370373,-0.08217481481481481,0.15093333333333334
686,-0.01512,-0.08232,0.1512
687,-0.01344,-0.08232,0.1512
688,-0.011713333333333334,-0.08199333333333333,0.1506
689,-0.009933333333333334,-0.08112222222222223,0.14900000000000002
690,-0.008314814814814815,-0.08148518518518519,0.14966666666666667
691,-0.0066014814814814825,-0.08086814814814815,0.14853333333333335
692,-0.004946666666666666,-0.08079555555555554,0.14839999999999998
693,-0.0033125925925925922,-0.0811585185185185,0.14906666666666665
694,-0.0016525925925925924,-0.08097703703703704,0.14873333333333333
695,0.006743703703703704,-0.08261037037037038,0.15173333333333333
696,0.008574074074074074,-0.08402592592592592,0.15433333333333332
697,0.010377777777777777,-0.08475185185185184,0.15566666666666665
698,0.01226814814814815,-0.08587703703703704,0.15773333333333334
699,0.01421037037037037,-0.08703851851851852,0.15986666666666666
700,0.016246666666666663,-0.08845407407407407,0.16246666666666665
701,0.01816296296296296,-0.0889985185185185,0.16346666666666665
702,0.019946666666666665,-0.08885333333333333,0.16319999999999998
703,0.021759999999999998,-0.08885333333333333,0.16319999999999998
704,0.02365037037037037,-0.08914370370370371,0.16373333333333334
705,0.025469629629629634,-0.08914370370370371,0.16373333333333334
706,0.027244444444444443,-0.0889985185185185,0.16346666666666665
707,0.028965925925925923,-0.08870814814814813,0.16293333333333332
708,0.030625185185185182,-0.0882725925925926,0.16213333333333332
709,0.032266666666666666,-0.08783703703703703,0.16133333333333333
710,0.03389037037037037,-0.08740148148148148,0.16053333333333333
711,0.03515555555555556,-0.08613111111111112,0.1582
712,0.03660222222222222,-0.08540518518518518,0.15686666666666665
713,0.03790518518518519,-0.08442518518518519,0.15506666666666666
714,0.03896370370370371,-0.08300962962962963,0.15246666666666667
715,-0.030992592592592592,-0.07438222222222222,0.13946666666666668
716,-0.029668148148148152,-0.07495111111111112,0.14053333333333334
717,-0.028319999999999998,-0.07552,0.1416
718,-0.026897777777777777,-0.07594666666666668,0.1424
719,-0.02550518518518519,-0.07651555555555557,0.1434666666666667
720,-0.024133333333333336,-0.07722666666666667,0.1448
721,-0.022648888888888892,-0.07765333333333334,0.1456
722,-0.02106962962962963,-0.07779555555555555,0.14586666666666667
723,-0.019662222222222227,-0.07864888888888891,0.1474666666666667
724,-0.0180562962962963,-0.07879111111111112,0.14773333333333336
725,-0.016444444444444446,-0.07893333333333334,0.14800000000000002
726,-0.01482666666666667,-0.07907555555555557,0.14826666666666669
727,-0.01317925925925926,-0.07907555555555557,0.14826666666666669
728,-0.011526666666666666,-0.07904,0.1482
729,-0.009826666666666668,-0.07861333333333334,0.1474
730,-0.008240740740740741,-0.07911111111111112,0.14833333333333334
731,-0.006554074074074075,-0.07864888888888891,0.1474666666666667
732,-0.004928888888888888,-0.07886222222222221,0.14786666666666665
733,-0.0032785185185185183,-0.07868444444444445,0.14753333333333332
734,0.0066874074074074075,-0.0802488888888889,0.15046666666666667
735,0.008403703703703703,-0.08067555555555556,0.15126666666666666
736,0.010222222222222221,-0.08177777777777777,0.15333333333333332
737,0.012045185185185183,-0.08259555555555555,0.15486666666666665
738,0.013884444444444446,-0.08330666666666667,0.1562
739,0.015826666666666666,-0.0844088888888889,0.15826666666666667
740,0.017696296296296297,-0.08494222222222222,0.15926666666666667
741,0.019433333333333334,-0.0848,0.159
742,0.021404444444444445,-0.08561777777777778,0.16053333333333333
743,0.023265185185185184,-0.08590222222222221,0.16106666666666666
744,0.025096296296296297,-0.08604444444444444,0.16133333333333333
745,0.026933333333333333,-0.08618666666666666,0.1616
746,0.02868148148148148,-0.08604444444444444,0.16133333333333333
747,0.030373333333333332,-0.08576,0.1608
748,0.03185333333333333,-0.08494222222222222,0.15926666666666667
749,0.03351037037037037,-0.08465777777777778,0.15873333333333334
750,0.034977777777777774,-0.08394666666666666,0.15739999999999998
751,0.03624444444444444,-0.08284444444444444,0.15533333333333332
752,0.03753037037037037,-0.08188444444444444,0.15353333333333333
753,-0.029442962962962966,-0.0728325925925926,0.13946666666666668
754,-0.028000000000000004,-0.07311111111111113,0.14
755,-0.026494814814814818,-0.07325037037037038,0.14026666666666668
756,-0.024983703703703706,-0.07338962962962964,0.14053333333333334
757,-0.02351111111111111,-0.07366814814814815,0.14106666666666667
758,-0.02206814814814815,-0.07408592592592593,0.14186666666666667
759,-0.020607407407407408,-0.0745037037037037,0.14266666666666666
760,-0.019235555555555558,-0.07533925925925927,0.14426666666666668
761,-0.01769777777777778,-0.07561777777777778,0.1448
762,-0.016118518518518518,-0.07575703703703704,0.14506666666666668
763,-0.01456,-0.07603555555555556,0.1456
764,-0.013007407407407409,-0.07641851851851852,0.14633333333333334
765,-0.011340000000000001,-0.07614000000000001,0.1458
766,-0.009702222222222223,-0.07600074074074074,0.14553333333333335
767,-0.008181481481481482,-0.07690592592592593,0.14726666666666668
768,-0.006518518518518519,-0.0765925925925926,0.14666666666666667
769,-0.004911111111111111,-0.07694074074074074,0.14733333333333332
770,-0.0032607407407407407,-0.0766274074074074,0.14673333333333333
771,0.010048888888888888,-0.0787162962962963,0.15073333333333333
772,0.011744444444444445,-0.07885555555555555,0.151
773,0.013534814814814814,-0.07951703703703704,0.15226666666666666
774,0.015379999999999998,-0.08031777777777777,0.1538
775,0.01722962962962963,-0.08097925925925925,0.15506666666666666
776,0.019139999999999997,-0.08177999999999999,0.1566
777,0.02102222222222222,-0.08233703703703703,0.15766666666666665
778,0.02285111111111111,-0.08261555555555557,0.1582
779,0.02465037037037037,-0.08275481481481481,0.15846666666666667
780,0.026500000000000003,-0.08303333333333333,0.159
781,0.02821925925925926,-0.08289407407407408,0.15873333333333334
782,0.02993259259259259,-0.08275481481481481,0.15846666666666667
783,0.03164,-0.08261555555555557,0.1582
784,0.03313037037037037,-0.08195407407407408,0.15693333333333334
785,0.03463703703703703,-0.08139703703703703,0.15586666666666665
786,0.035886666666666664,-0.08031777777777777,0.1538
787,0.03691111111111111,-0.07885555555555555,0.151
788,-0.020222222222222225,-0.07155555555555557,0.14
789,-0.01888,-0.07237333333333333,0.1416
790,-0.017371851851851854,-0.07264592592592593,0.14213333333333333
791,-0.01582222222222222,-0.07278222222222222,0.1424
792,-0.014320000000000001,-0.07319111111111112,0.14320000000000002
793,-0.01281777777777778,-0.07370222222222224,0.14420000000000002
794,-0.011194814814814815,-0.07356592592592594,0.14393333333333336
795,-0.009662222222222223,-0.07407703703703705,0.14493333333333336
796,-0.008107407407407409,-0.07458814814814817,0.14593333333333336
797,-0.006482962962962963,-0.07455407407407408,0.14586666666666667
798,-0.004851111111111111,-0.07438370370370369,0.14553333333333332
799,-0.0032325925925925925,-0.07434962962962963,0.14546666666666666
800,0.018667407407407407,-0.0780637037037037,0.15273333333333333
801,0.020675555555555555,-0.0792562962962963,0.15506666666666666
802,0.02247555555555555,-0.07952888888888889,0.1556
803,0.024287407407407407,-0.07980148148148147,0.15613333333333332
804,0.026155555555555557,-0.08021037037037038,0.15693333333333334
805,0.02789925925925926,-0.08021037037037038,0.15693333333333334
806,0.02959259259259259,-0.08007407407407406,0.15666666666666665
807,0.031079999999999997,-0.07942666666666666,0.15539999999999998
808,0.03280666666666666,-0.07942666666666666,0.15539999999999998
809,0.03407407407407407,-0.07837037037037037,0.15333333333333332
810,0.03529555555555555,-0.07731407407407408,0.15126666666666666
811,0.036536296296296296,-0.07639407407407407,0.14946666666666666
812,-0.018702222222222224,-0.07013333333333334,0.14026666666666668
813,-0.017176296296296297,-0.07026666666666667,0.14053333333333334
814,-0.015614814814814817,-0.07026666666666667,0.14053333333333334
815,-0.014206666666666666,-0.07103333333333334,0.14206666666666667
816,-0.012628148148148149,-0.07103333333333334,0.14206666666666667
817,-0.01102888888888889,-0.0709,0.1418
818,-0.00952,-0.0714,0.1428
819,-0.007933333333333334,-0.0714,0.1428
820,-0.006355555555555556,-0.07150000000000001,0.14300000000000002
821,0.020195555555555557,-0.07573333333333333,0.15146666666666667
822,0.021917037037037037,-0.07586666666666667,0.15173333333333333
823,0.02384148148148148,-0.07663333333333333,0.15326666666666666
824,0.025588888888888887,-0.07676666666666666,0.15353333333333333
825,0.027294814814814813,-0.07676666666666666,0.15353333333333333
826,0.028811851851851852,-0.07626666666666666,0.15253333333333333
827,0.030453333333333336,-0.07613333333333333,0.15226666666666666
828,0.03193407407407407,-0.07563333333333333,0.15126666666666666
829,0.033496296296296295,-0.07536666666666667,0.15073333333333333
830,-0.0188,-0.04700000000000001,0.14100000000000001
831,-0.017355555555555558,-0.04733333333333334,0.14200000000000002
832,-0.01580740740740741,-0.04742222222222223,0.14226666666666668
833,-0.014326666666666668,-0.04775555555555556,0.14326666666666668
834,-0.012734814814814817,-0.04775555555555556,0.14326666666666668
835,-0.0112,-0.048,0.14400000000000002
836,-0.009582222222222223,-0.04791111111111111,0.14373333333333335
837,-0.02169481481481482,-0.04493925925925926,0.13946666666666668
838,-0.020443703703703704,-0.04560518518518519,0.14153333333333334
839,-0.019013333333333333,-0.045948888888888886,0.1426
840,-0.017461481481481484,-0.04603481481481481,0.14286666666666667
841,-0.016014814814814815,-0.04644296296296296,0.14413333333333334
842,-0.014440000000000001,-0.046528888888888884,0.1444
843,-0.012924444444444445,-0.04685111111111111,0.1454
844,-0.011324444444444446,-0.04691555555555556,0.1456
845,-0.009671111111111111,-0.046743703703703704,0.14506666666666668
846,-0.008085185185185185,-0.04689407407407407,0.14553333333333332
847,-0.006444444444444444,-0.04672222222222222,0.145
848,-0.004857777777777778,-0.04695851851851852,0.14573333333333333
849,-0.0032325925925925925,-0.04687259259259259,0.14546666666666666
850,-0.029077037037037044,-0.04285037037037037,0.13773333333333335
851,-0.028013333333333338,-0.0435762962962963,0.14006666666666667
852,-0.026557777777777777,-0.043742222222222224,0.1406
853,-0.02509037037037037,-0.04390814814814815,0.14113333333333333
854,-0.023822222222222224,-0.04446814814814815,0.14293333333333336
855,-0.022234074074074076,-0.04446814814814815,0.14293333333333336
856,-0.02090592592592593,-0.04502814814814815,0.14473333333333335
857,-0.01944,-0.045360000000000004,0.1458
858,-0.017852592592592594,-0.04544296296296297,0.14606666666666668
859,-0.016370370370370372,-0.045837037037037044,0.14733333333333334
860,-0.014786666666666667,-0.04600296296296297,0.14786666666666667
861,-0.013232592592592593,-0.04631407407407408,0.14886666666666667
862,-0.011516296296296295,-0.04606518518518518,0.14806666666666668
863,-0.009884444444444446,-0.04612740740740741,0.14826666666666669
864,-0.008233333333333334,-0.046106666666666664,0.1482
865,-0.00655111111111111,-0.04585777777777777,0.14739999999999998
866,-0.00492,-0.045919999999999996,0.14759999999999998
867,-0.003262222222222222,-0.04567111111111111,0.14679999999999999
868,-0.030444444444444448,-0.041100000000000005,0.137
869,-0.029583703703703702,-0.04204,0.14013333333333333
870,-0.0284,-0.042600000000000006,0.14200000000000002
871,-0.027162222222222226,-0.043140000000000005,0.1438
872,-0.025754074074074075,-0.04346,0.14486666666666667
873,-0.024444444444444446,-0.044,0.14666666666666667
874,-0.022856296296296295,-0.04408,0.14693333333333333
875,-0.021185185185185185,-0.044,0.14666666666666667
876,-0.019831111111111112,-0.04462000000000001,0.14873333333333336
877,-0.018243703703703706,-0.04478000000000001,0.1492666666666667
878,-0.016755555555555558,-0.04524,0.15080000000000002
879,-0.015133333333333334,-0.0454,0.15133333333333335
880,-0.013540740740740742,-0.045700000000000005,0.15233333333333335
881,-0.011785925925925929,-0.04546,0.15153333333333335
882,-0.01009777777777778,-0.04544000000000001,0.1514666666666667
883,-0.008355555555555555,-0.04512000000000001,0.1504
884,-0.006669629629629629,-0.04502,0.15006666666666665
885,-0.004948888888888889,-0.044539999999999996,0.14846666666666666
886,-0.0032918518518518514,-0.04443999999999999,0.1481333333333333
887,-0.0016362962962962963,-0.04418,0.14726666666666666
888,-0.03167111111111111,-0.03921185185185186,0.13573333333333334
889,-0.0308,-0.04004,0.1386
890,-0.030034074074074078,-0.041099259259259266,0.14226666666666668
891,-0.028986666666666668,-0.041869629629629625,0.14493333333333333
892,-0.027817037037037043,-0.04254370370370371,0.14726666666666668
893,-0.02641777777777778,-0.04292888888888889,0.1486
894,-0.024944444444444446,-0.04323703703703704,0.14966666666666667
895,-0.023478518518518517,-0.04360296296296296,0.15093333333333334
896,-0.021724444444444446,-0.04344888888888889,0.1504
897,-0.020124444444444445,-0.04360296296296296,0.15093333333333334
898,-0.018634814814814816,-0.044045925925925926,0.15246666666666667
899,-0.01702962962962963,-0.044277037037037045,0.1532666666666667
900,-0.015480000000000002,-0.04472000000000001,0.15480000000000002
901,-0.013783703703703706,-0.04479703703703704,0.15506666666666669
902,-0.012034814814814814,-0.04470074074074074,0.15473333333333333
903,-0.010244444444444445,-0.044392592592592595,0.15366666666666667
904,-0.008518518518518519,-0.044296296296296306,0.15333333333333335
905,-0.006776296296296295,-0.04404592592592592,0.15246666666666664
906,-0.00501111111111111,-0.043429629629629624,0.15033333333333332
907,-0.0033214814814814812,-0.04317925925925926,0.14946666666666666
908,-0.0016340740740740738,-0.04248592592592592,0.14706666666666665
909,-0.03311407407407408,-0.03762962962962964,0.13546666666666668
910,-0.031733333333333336,-0.037777777777777785,0.136
911,-0.030977777777777774,-0.03872222222222222,0.1394
912,-0.03004814814814815,-0.03953703703703704,0.14233333333333334
913,-0.029306666666666672,-0.04070370370370371,0.14653333333333335
914,-0.027880000000000002,-0.041,0.1476
915,-0.02660740740740741,-0.041574074074074076,0.14966666666666667
916,-0.025122222222222223,-0.04187037037037037,0.15073333333333333
917,-0.023644444444444447,-0.04222222222222223,0.15200000000000002
918,-0.02187851851851852,-0.042074074074074076,0.15146666666666667
919,-0.02016,-0.042,0.1512
920,-0.018545185185185185,-0.04214814814814815,0.15173333333333333
921,-0.01705925925925926,-0.04264814814814815,0.15353333333333335
922,-0.015406666666666667,-0.0427962962962963,0.15406666666666669
923,-0.013807407407407409,-0.04314814814814815,0.15533333333333335
924,-0.01199851851851852,-0.042851851851851856,0.1542666666666667
925,-0.010297777777777779,-0.04290740740740741,0.15446666666666667
926,-0.008562962962962963,-0.04281481481481482,0.15413333333333334
927,-0.006767407407407409,-0.042296296296296304,0.1522666666666667
928,-0.005046666666666666,-0.04205555555555555,0.15139999999999998
929,-0.0033170370370370367,-0.04146296296296296,0.14926666666666666
930,-0.0016399999999999997,-0.040999999999999995,0.14759999999999998
931,-0.03293481481481482,-0.03592888888888889,0.13473333333333334
932,-0.031857777777777777,-0.03640888888888889,0.13653333333333334
933,-0.030933333333333337,-0.03712000000000001,0.13920000000000002
934,-0.030273333333333336,-0.03824,0.1434
935,-0.029573333333333333,-0.03943111111111111,0.14786666666666667
936,-0.028131851851851852,-0.03971555555555555,0.14893333333333333
937,-0.026797037037037036,-0.040195555555555554,0.15073333333333333
938,-0.025300000000000003,-0.04048,0.15180000000000002
939,-0.023613333333333337,-0.04048,0.15180000000000002
940,-0.022032592592592597,-0.04067555555555556,0.15253333333333335
941,-0.02026666666666667,-0.04053333333333334,0.15200000000000002
942,-0.01857777777777778,-0.04053333333333334,0.15200000000000002
943,-0.01697777777777778,-0.04074666666666667,0.15280000000000002
944,-0.015460000000000002,-0.04122666666666667,0.15460000000000002
945,-0.013742222222222223,-0.04122666666666667,0.15460000000000002
946,-0.012040000000000002,-0.041280000000000004,0.15480000000000002
947,-0.010266666666666669,-0.041066666666666675,0.15400000000000003
948,-0.008551851851851852,-0.041048888888888885,0.15393333333333334
949,-0.006802962962962964,-0.04081777777777778,0.15306666666666668
950,-0.00504,-0.04032,0.1512
951,-0.0033348148148148143,-0.04001777777777777,0.15006666666666665
952,-0.0016459259259259257,-0.039502222222222216,0.1481333333333333
953,-0.033,-0.0345,0.135
954,-0.031920000000000004,-0.034960000000000005,0.1368
955,-0.031111111111111114,-0.03577777777777778,0.14
956,-0.030498518518518525,-0.03691925925925926,0.1444666666666667
957,-0.029640000000000003,-0.03787333333333333,0.1482
958,-0.028383703703703706,-0.03840148148148149,0.1502666666666667
959,-0.026856296296296298,-0.038605925925925925,0.15106666666666668
960,-0.02547777777777778,-0.039065925925925934,0.15286666666666668
961,-0.02377925925925926,-0.039065925925925934,0.15286666666666668
962,-0.022003703703703706,-0.03892962962962963,0.15233333333333335
963,-0.020275555555555557,-0.03886148148148148,0.15206666666666668
964,-0.01867555555555556,-0.0390488888888889,0.15280000000000002
965,-0.01700740740740741,-0.03911703703703704,0.15306666666666668
966,-0.015386666666666667,-0.039321481481481485,0.15386666666666668
967,-0.013765925925925928,-0.03957703703703704,0.15486666666666668
968,-0.012003703703703704,-0.03944074074074074,0.15433333333333335
969,-0.010302222222222223,-0.03949185185185186,0.15453333333333336
970,-0.00854074074074074,-0.03928740740740741,0.15373333333333333
971,-0.006794074074074075,-0.039065925925925934,0.15286666666666668
972,-0.005066666666666667,-0.03884444444444445,0.15200000000000002
973,-0.003358518518518518,-0.038622962962962956,0.15113333333333331
974,-0.0016407407407407404,-0.03773703703703703,0.14766666666666664
975,0.0,-0.03717481481481481,0.14546666666666666
976,-0.03410814814814815,-0.03262518518518519,0.13346666666666668
977,-0.033065185185185184,-0.033065185185185184,0.13526666666666667
978,-0.03174888888888889,-0.03326074074074074,0.13606666666666667
979,-0.031111111111111114,-0.03422222222222222,0.14
980,-0.030287407407407412,-0.03506962962962964,0.1434666666666667
981,-0.029640000000000003,-0.036226666666666664,0.1482
982,-0.02819481481481482,-0.03648740740740741,0.1492666666666667
983,-0.026856296296296298,-0.03692740740740741,0.15106666666666668
984,-0.02531111111111111,-0.03712296296296296,0.15186666666666668
985,-0.02377925925925926,-0.03736740740740741,0.15286666666666668
986,-0.022003703703703706,-0.03723703703703704,0.15233333333333335
987,-0.020275555555555557,-0.03717185185185185,0.15206666666666668
988,-0.018553333333333335,-0.03710666666666667,0.15180000000000002
989,-0.01700740740740741,-0.0374162962962963,0.15306666666666668
990,-0.015386666666666667,-0.037611851851851855,0.15386666666666668
991,-0.013677037037037038,-0.037611851851851855,0.15386666666666668
992,-0.012003703703703704,-0.037725925925925934,0.15433333333333335
993,-0.010235555555555557,-0.037530370370370374,0.15353333333333335
994,-0.00854074074074074,-0.037579259259259264,0.15373333333333333
995,-0.006794074074074075,-0.03736740740740741,0.15286666666666668
996,-0.005033333333333334,-0.03691111111111112,0.15100000000000002
997,-0.0033362962962962964,-0.036699259259259265,0.15013333333333334
998,-0.0016407407407407404,-0.036096296296296286,0.14766666666666664
999,0.0,-0.03555851851851852,0.14546666666666666
1000,-0.035395555555555555,-0.030971111111111116,0.13273333333333334
1001,-0.034312592592592596,-0.03132888888888889,0.13426666666666667
1002,-0.033016296296296294,-0.03151555555555556,0.13506666666666667
1003,-0.03193555555555556,-0.03193555555555556,0.13686666666666666
1004,-0.031170370370370373,-0.03272888888888889,0.14026666666666668
1005,-0.030287407407407412,-0.03347555555555556,0.1434666666666667
1006,-0.029640000000000003,-0.03458,0.1482
1007,-0.02819481481481482,-0.034828888888888895,0.1492666666666667
1008,-0.02667851851851852,-0.03501555555555556,0.15006666666666668
1009,-0.02531111111111111,-0.035435555555555553,0.15186666666666668
1010,-0.023623703703703706,-0.035435555555555553,0.15186666666666668
1011,-0.022003703703703706,-0.03554444444444445,0.15233333333333335
1012,-0.020275555555555557,-0.03548222222222223,0.15206666666666668
1013,-0.018553333333333335,-0.03542,0.15180000000000002
1014,-0.01686666666666667,-0.03542,0.15180000000000002
1015,-0.01536,-0.035840000000000004,0.15360000000000001
1016,-0.013677037037037038,-0.035902222222222224,0.15386666666666668
1017,-0.011905185185185187,-0.03571555555555556,0.15306666666666668
1018,-0.010235555555555557,-0.03582444444444445,0.15353333333333335
1019,-0.008485185185185186,-0.035637777777777775,0.15273333333333333
1020,-0.006737777777777778,-0.03537333333333333,0.1516
1021,-0.005024444444444445,-0.03517111111111112,0.15073333333333336
1022,-0.0033303703703703707,-0.03496888888888889,0.14986666666666668
1023,-0.0016407407407407404,-0.03445555555555555,0.14766666666666664
1024,0.0,-0.033708888888888885,0.14446666666666666
1025,-0.035271111111111114,-0.02939259259259259,0.13226666666666667
1026,-0.03432962962962963,-0.02985185185185185,0.13433333333333333
1027,-0.033277037037037036,-0.03025185185185185,0.13613333333333333
1028,-0.032184444444444446,-0.030651851851851857,0.13793333333333335
1029,-0.03106666666666667,-0.03106666666666667,0.1398
1030,-0.030287407407407412,-0.03188148148148148,0.1434666666666667
1031,-0.02944,-0.03271111111111111,0.1472
1032,-0.02819481481481482,-0.03317037037037037,0.1492666666666667
1033,-0.02667851851851852,-0.033348148148148155,0.15006666666666668
1034,-0.02514444444444445,-0.03352592592592593,0.15086666666666668
1035,-0.023623703703703706,-0.03374814814814815,0.15186666666666668
1036,-0.021859259259259262,-0.033629629629629634,0.15133333333333335
1037,-0.020142222222222225,-0.033570370370370375,0.15106666666666668
1038,-0.018553333333333335,-0.03373333333333334,0.15180000000000002
1039,-0.01683703703703704,-0.03367407407407408,0.15153333333333335
1040,-0.015233333333333337,-0.033851851851851855,0.15233333333333335
1041,-0.013653333333333335,-0.034133333333333335,0.15360000000000001
1042,-0.011905185185185187,-0.03401481481481482,0.15306666666666668
1043,-0.01021777777777778,-0.03405925925925926,0.1532666666666667
1044,-0.00847037037037037,-0.03388148148148148,0.15246666666666667
1045,-0.006737777777777778,-0.033688888888888886,0.1516
1046,-0.005024444444444445,-0.0334962962962963,0.15073333333333336
1047,-0.0033303703703703707,-0.03330370370370371,0.14986666666666668
1048,-0.0016296296296296297,-0.0325925925925926,0.14666666666666667
1049,0.0,-0.032103703703703704,0.14446666666666666
1050,0.05501481481481482,-0.03143703703703704,0.14146666666666668
1051,0.05650666666666667,-0.0313925925925926,0.14126666666666668
1052,0.0580762962962963,-0.0313925925925926,0.14126666666666668
1053,0.0592237037037037,-0.031170370370370373,0.14026666666666668
1054,0.06034888888888889,-0.030948148148148148,0.13926666666666668
1055,0.061896296296296296,-0.030948148148148148,0.13926666666666668
1056,-0.035271111111111114,-0.027922962962962962,0.13226666666666667
1057,-0.03432962962962963,-0.028359259259259258,0.13433333333333333
1058,-0.033277037037037036,-0.028739259259259256,0.13613333333333333
1059,-0.03195111111111112,-0.02890814814814815,0.13693333333333335
1060,-0.03106666666666667,-0.029513333333333336,0.1398
1061,-0.0300762962962963,-0.0300762962962963,0.14246666666666669
1062,-0.02944,-0.031075555555555558,0.1472
1063,-0.02800592592592593,-0.03130074074074074,0.14826666666666669
1064,-0.02667851851851852,-0.031680740740740745,0.15006666666666668
1065,-0.02514444444444445,-0.03184962962962963,0.15086666666666668
1066,-0.023623703703703706,-0.032060740740740744,0.15186666666666668
1067,-0.021859259259259262,-0.031948148148148156,0.15133333333333335
1068,-0.020142222222222225,-0.03189185185185185,0.15106666666666668
1069,-0.018553333333333335,-0.03204666666666667,0.15180000000000002
1070,-0.01680740740740741,-0.03193407407407408,0.1512666666666667
1071,-0.01520666666666667,-0.032102962962962965,0.15206666666666668
1072,-0.01362962962962963,-0.032370370370370376,0.15333333333333335
1073,-0.011884444444444446,-0.03225777777777778,0.15280000000000002
1074,-0.010151111111111112,-0.032145185185185186,0.1522666666666667
1075,-0.00847037037037037,-0.03218740740740741,0.15246666666666667
1076,-0.006737777777777778,-0.032004444444444446,0.1516
1077,-0.004991111111111112,-0.03161037037037038,0.14973333333333336
1078,-0.0033022222222222225,-0.031371111111111114,0.1486
1079,-0.0016266666666666667,-0.03090666666666667,0.1464
1080,0.0,-0.030498518518518515,0.14446666666666666
1081,0.055118518518518525,-0.029921481481481486,0.14173333333333335
1082,0.056613333333333335,-0.029879259259259258,0.14153333333333334
1083,0.058185925925925926,-0.029879259259259258,0.14153333333333334
1084,0.059336296296296304,-0.029668148148148152,0.14053333333333334
1085,0.06046444444444445,-0.02945703703703704,0.13953333333333334
1086,0.062014814814814814,-0.02945703703703704,0.13953333333333334
1087,0.06298814814814815,-0.02918962962962963,0.13826666666666668
1088,0.06427555555555556,-0.029077037037037044,0.13773333333333335
1089,0.06520074074074075,-0.028809629629629633,0.13646666666666668
1090,-0.03500444444444445,-0.026253333333333333,0.13126666666666667
1091,-0.034005925925925926,-0.026613333333333333,0.13306666666666667
1092,-0.03296740740740741,-0.026973333333333332,0.13486666666666666
1093,-0.03188888888888888,-0.027333333333333334,0.13666666666666666
1094,-0.030607407407407413,-0.027546666666666667,0.13773333333333335
1095,-0.02973851851851852,-0.028173333333333335,0.14086666666666667
1096,-0.028600000000000004,-0.028600000000000004,0.14300000000000002
1097,-0.027502222222222223,-0.02912,0.1456
1098,-0.02612148148148148,-0.02938666666666667,0.14693333333333333
1099,-0.02487777777777778,-0.029853333333333336,0.1492666666666667
1100,-0.023260740740740745,-0.029906666666666668,0.14953333333333335
1101,-0.02170518518518519,-0.030053333333333338,0.1502666666666667
1102,-0.020000000000000004,-0.030000000000000002,0.15000000000000002
1103,-0.018300740740740742,-0.029946666666666663,0.14973333333333333
1104,-0.01677777777777778,-0.030200000000000005,0.15100000000000002
1105,-0.015153333333333335,-0.03030666666666667,0.15153333333333335
1106,-0.013493333333333335,-0.03036,0.15180000000000002
1107,-0.011801481481481482,-0.030346666666666664,0.15173333333333333
1108,-0.010062222222222222,-0.030186666666666667,0.15093333333333334
1109,-0.008381481481481483,-0.030173333333333337,0.15086666666666668
1110,-0.0066103703703703715,-0.02974666666666667,0.14873333333333336
1111,-0.004928888888888889,-0.029573333333333333,0.14786666666666667
1112,-0.0032666666666666673,-0.029400000000000003,0.14700000000000002
1113,-0.001614814814814815,-0.029066666666666668,0.14533333333333334
1114,0.05522222222222223,-0.0284,0.14200000000000002
1115,0.056826666666666664,-0.028413333333333332,0.14206666666666667
1116,0.058103703703703706,-0.028266666666666666,0.14133333333333334
1117,0.059674074074074074,-0.028266666666666666,0.14133333333333334
1118,0.06092666666666667,-0.028120000000000003,0.1406
1119,0.06248888888888889,-0.028120000000000003,0.1406
1120,0.06347407407407409,-0.027866666666666668,0.13933333333333334
1121,0.06455555555555556,-0.02766666666666667,0.13833333333333334
1122,0.06609259259259259,-0.02766666666666667,0.13833333333333334
1123,0.06622814814814816,-0.027093333333333334,0.13546666666666668
1124,-0.03493333333333334,-0.024744444444444447,0.131
1125,-0.03393777777777778,-0.025084444444444444,0.1328
1126,-0.03290222222222222,-0.02542444444444444,0.1346
1127,-0.031593333333333334,-0.025575555555555556,0.1354
1128,-0.03037037037037037,-0.025814814814814815,0.13666666666666666
1129,-0.02945703703703704,-0.0263562962962963,0.13953333333333334
1130,-0.028226666666666667,-0.02665851851851852,0.14113333333333333
1131,-0.026998518518518515,-0.026998518518518515,0.14293333333333333
1132,-0.025742222222222225,-0.027351111111111114,0.1448
1133,-0.024444444444444446,-0.027703703703703703,0.14666666666666667
1134,-0.023011851851851853,-0.027942962962962965,0.14793333333333333
1135,-0.02136814814814815,-0.027942962962962965,0.14793333333333333
1136,-0.019857777777777776,-0.028131851851851852,0.14893333333333333
1137,-0.018268148148148148,-0.02823259259259259,0.14946666666666666
1138,-0.016637037037037037,-0.02828296296296296,0.14973333333333333
1139,-0.015126666666666668,-0.028572592592592597,0.1512666666666667
1140,-0.013445925925925927,-0.028572592592592597,0.1512666666666667
1141,-0.011739259259259258,-0.028509629629629628,0.15093333333333334
1142,-0.009955555555555558,-0.02820740740740741,0.14933333333333335
1143,-0.008292592592592593,-0.02819481481481482,0.1492666666666667
1144,-0.006539259259259259,-0.027791851851851856,0.14713333333333334
1145,-0.004866666666666668,-0.02757777777777778,0.14600000000000002
1146,-0.003225185185185185,-0.027414074074074073,0.14513333333333334
1147,-0.001605925925925926,-0.027300740740740743,0.14453333333333335
1148,0.05532592592592593,-0.026872592592592594,0.14226666666666668
1149,0.05704000000000001,-0.026935555555555553,0.1426
1150,0.05843259259259259,-0.026847407407407407,0.14213333333333333
1151,0.060124444444444446,-0.026897777777777777,0.1424
1152,0.06150444444444446,-0.02680962962962963,0.14193333333333336
1153,0.06263703703703705,-0.026620740740740743,0.14093333333333335
1154,0.06420296296296296,-0.026620740740740743,0.14093333333333335
1155,0.06530222222222223,-0.026431851851851856,0.13993333333333335
1156,0.06637925925925928,-0.026242962962962964,0.13893333333333335
1157,0.06688000000000001,-0.025840000000000002,0.1368
1158,-0.034666666666666665,-0.023111111111111114,0.13
1159,-0.033614074074074074,-0.023383703703703705,0.13153333333333334
1160,-0.03259259259259259,-0.023703703703703703,0.13333333333333333
1161,-0.03153111111111111,-0.024023703703703703,0.13513333333333333
1162,-0.03025185185185185,-0.02420148148148148,0.13613333333333333
1163,-0.02890814814814815,-0.024343703703703708,0.13693333333333335
1164,-0.027853333333333334,-0.02475851851851852,0.13926666666666668
1165,-0.02645703703703704,-0.02490074074074074,0.14006666666666667
1166,-0.025362962962962962,-0.025362962962962962,0.14266666666666666
1167,-0.024222222222222225,-0.02583703703703704,0.14533333333333334
1168,-0.022804444444444443,-0.026062222222222223,0.1466
1169,-0.021252592592592594,-0.026157037037037038,0.14713333333333334
1170,-0.019724444444444444,-0.02629925925925926,0.14793333333333333
1171,-0.018235555555555557,-0.026524444444444444,0.1492
1172,-0.016607407407407408,-0.02657185185185185,0.14946666666666666
1173,-0.015073333333333334,-0.026797037037037036,0.15073333333333333
1174,-0.013398518518518518,-0.026797037037037036,0.15073333333333333
1175,-0.01167703703703704,-0.02669037037037037,0.15013333333333334
1176,-0.009902222222222224,-0.02640592592592593,0.14853333333333335
1177,-0.008218518518518519,-0.02629925925925926,0.14793333333333333
1178,-0.0064800000000000005,-0.025920000000000002,0.1458
1179,-0.0048222222222222225,-0.02571851851851852,0.14466666666666667
1180,-0.0031955555555555556,-0.025564444444444445,0.1438
1181,-0.0016000000000000003,-0.025600000000000005,0.14400000000000002
1182,0.003238518518518518,-0.025908148148148145,0.14573333333333333
1183,0.004866666666666666,-0.025955555555555555,0.146
1184,0.006533333333333333,-0.02613333333333333,0.147
1185,0.008137037037037036,-0.026038518518518516,0.14646666666666666
1186,0.05532592592592593,-0.025291851851851854,0.14226666666666668
1187,0.05704000000000001,-0.025351111111111112,0.1426
1188,0.05843259259259259,-0.025268148148148147,0.14213333333333333
1189,0.05970222222222222,-0.025137777777777776,0.1414
1190,0.06150444444444446,-0.025232592592592598,0.14193333333333336
1191,0.06263703703703705,-0.025054814814814818,0.14093333333333335
1192,0.06420296296296296,-0.025054814814814818,0.14093333333333335
1193,0.06530222222222223,-0.02487703703703704,0.13993333333333335
1194,0.06637925925925928,-0.02469925925925926,0.13893333333333335
1195,0.06688000000000001,-0.02432,0.1368
1196,-0.03452444444444445,-0.02157777777777778,0.12946666666666667
1197,-0.03347777777777778,-0.021833333333333333,0.131
1198,-0.032331851851851855,-0.022044444444444443,0.13226666666666667
1199,-0.03098666666666667,-0.022133333333333335,0.1328
1200,-0.029792592592592593,-0.022344444444444445,0.13406666666666667
1201,-0.028514074074074074,-0.02251111111111111,0.13506666666666667
1202,-0.02717333333333333,-0.022644444444444443,0.13586666666666666
1203,-0.02595333333333333,-0.0229,0.1374
1204,-0.0246162962962963,-0.023077777777777784,0.13846666666666668
1205,-0.023555555555555555,-0.023555555555555555,0.14133333333333334
1206,-0.02202666666666667,-0.023600000000000003,0.1416
1207,-0.020674814814814816,-0.023855555555555557,0.14313333333333333
1208,-0.019155555555555554,-0.023944444444444442,0.14366666666666666
1209,-0.017714074074074073,-0.024155555555555555,0.14493333333333333
1210,-0.016133333333333333,-0.0242,0.1452
1211,-0.014646666666666669,-0.024411111111111116,0.1464666666666667
1212,-0.013019259259259262,-0.024411111111111116,0.1464666666666667
1213,-0.011365925925925927,-0.024355555555555557,0.14613333333333334
1214,-0.009653333333333333,-0.024133333333333336,0.1448
1215,-0.008025925925925928,-0.02407777777777778,0.1444666666666667
1216,-0.006361481481481482,-0.023855555555555557,0.14313333333333333
1217,-0.004751111111111111,-0.02375555555555556,0.14253333333333335
1218,-0.0031718518518518523,-0.023788888888888894,0.14273333333333335
1219,-0.001582962962962963,-0.02374444444444445,0.14246666666666669
1220,0.0,-0.023955555555555556,0.14373333333333335
1221,0.001611111111111111,-0.024166666666666666,0.145
1222,0.0032340740740740737,-0.024255555555555555,0.14553333333333332
1223,0.004902222222222221,-0.024511111111111112,0.14706666666666665
1224,0.00658074074074074,-0.024677777777777774,0.14806666666666665
1225,0.00818148148148148,-0.02454444444444444,0.14726666666666666
1226,0.009782222222222222,-0.024455555555555557,0.14673333333333333
1227,0.05344296296296297,-0.02357777777777778,0.14146666666666668
1228,0.05493703703703704,-0.023544444444444448,0.14126666666666668
1229,0.05704000000000001,-0.02376666666666667,0.1426
1230,0.05843259259259259,-0.02368888888888889,0.14213333333333333
1231,0.05981481481481481,-0.02361111111111111,0.14166666666666666
1232,0.06150444444444446,-0.02365555555555556,0.14193333333333336
1233,0.06263703703703705,-0.023488888888888892,0.14093333333333335
1234,0.06374740740740742,-0.023322222222222223,0.13993333333333335
1235,0.06530222222222223,-0.023322222222222223,0.13993333333333335
1236,0.06637925925925928,-0.02315555555555556,0.13893333333333335
1237,0.06639111111111111,-0.02263333333333333,0.1358
1238,-0.03425777777777778,-0.019983703703703705,0.12846666666666667
1239,-0.03315407407407407,-0.020180740740740742,0.12973333333333334
1240,-0.03202222222222222,-0.02037777777777778,0.131
1241,-0.03086222222222222,-0.020574814814814817,0.13226666666666667
1242,-0.029614814814814816,-0.02073037037037037,0.13326666666666667
1243,-0.028021481481481484,-0.02064740740740741,0.13273333333333334
1244,-0.026693333333333333,-0.020761481481481485,0.13346666666666668
1245,-0.025260740740740743,-0.020802962962962964,0.13373333333333334
1246,-0.024094814814814815,-0.021082962962962967,0.13553333333333334
1247,-0.02272222222222222,-0.021207407407407407,0.13633333333333333
1248,-0.021404444444444445,-0.021404444444444445,0.1376
1249,-0.01995259259259259,-0.021487407407407406,0.13813333333333333
1250,-0.01862222222222222,-0.021725925925925926,0.13966666666666666
1251,-0.01707037037037037,-0.021725925925925926,0.13966666666666666
1252,-0.01565925925925926,-0.021922962962962967,0.14093333333333335
1253,-0.014120000000000002,-0.02196444444444445,0.14120000000000002
1254,-0.012640000000000002,-0.022120000000000004,0.14220000000000002
1255,-0.011054814814814814,-0.02210962962962963,0.14213333333333333
1256,-0.009422222222222222,-0.021985185185185187,0.14133333333333334
1257,-0.00784814814814815,-0.02197481481481482,0.14126666666666668
1258,-0.006242962962962964,-0.02185037037037037,0.14046666666666668
1259,0.0,-0.022441481481481482,0.14426666666666668
1260,0.001608888888888889,-0.022524444444444444,0.1448
1261,0.0032518518518518513,-0.022762962962962964,0.14633333333333332
1262,0.004928888888888888,-0.02300148148148148,0.14786666666666665
1263,0.006571851851851851,-0.02300148148148148,0.14786666666666665
1264,0.00821111111111111,-0.02299111111111111,0.1478
1265,0.009817777777777778,-0.022908148148148146,0.14726666666666666
1266,0.011412592592592592,-0.022825185185185184,0.14673333333333333
1267,0.013108148148148148,-0.02293925925925926,0.14746666666666666
1268,0.052237777777777786,-0.022161481481481483,0.14246666666666669
1269,0.05384592592592593,-0.022171851851851852,0.14253333333333335
1270,0.05535185185185185,-0.022140740740740742,0.14233333333333334
1271,0.056853333333333325,-0.02210962962962963,0.14213333333333333
1272,0.05854222222222222,-0.02215111111111111,0.1424
1273,0.05981481481481481,-0.02203703703703704,0.14166666666666666
1274,0.06162000000000001,-0.022120000000000004,0.14220000000000002
1275,0.06275555555555556,-0.02196444444444445,0.14120000000000002
1276,0.06374740740740742,-0.02176740740740741,0.13993333333333335
1277,0.06483555555555556,-0.021611851851851854,0.13893333333333335
1278,0.06637925925925928,-0.021611851851851854,0.13893333333333335
1279,0.06639111111111111,-0.021124444444444446,0.1358
1280,-0.03164740740740741,-0.01870074074074074,0.12946666666666667
1281,-0.030504444444444445,-0.018883703703703705,0.13073333333333334
1282,-0.029274074074074077,-0.019028148148148148,0.13173333333333334
1283,-0.01823111111111111,-0.01975037037037037,0.13673333333333335
1284,-0.016711851851851853,-0.01975037037037037,0.13673333333333335
1285,-0.015333333333333334,-0.019933333333333334,0.138
1286,-0.01382666666666667,-0.019971851851851852,0.13826666666666668
1287,-0.01237925925925926,-0.0201162962962963,0.13926666666666668
1288,-0.01086814814814815,-0.020183703703703707,0.13973333333333335
1289,-0.001582962962962963,-0.02057851851851852,0.14246666666666669
1290,0.0,-0.02087703703703704,0.14453333333333335
1291,0.001611851851851852,-0.020954074074074076,0.14506666666666668
1292,0.0032577777777777774,-0.02117555555555555,0.14659999999999998
1293,0.004895555555555555,-0.021214074074074073,0.14686666666666665
1294,0.006571851851851851,-0.021358518518518516,0.14786666666666665
1295,0.00817037037037037,-0.02124296296296296,0.14706666666666665
1296,0.009835555555555556,-0.02131037037037037,0.14753333333333332
1297,0.011454074074074073,-0.02127185185185185,0.14726666666666666
1298,0.013042962962962963,-0.021194814814814816,0.14673333333333333
1299,0.051871111111111125,-0.020434074074074077,0.14146666666666668
1300,0.05384592592592593,-0.02058814814814815,0.14253333333333335
1301,0.05535185185185185,-0.02055925925925926,0.14233333333333334
1302,0.056853333333333325,-0.02053037037037037,0.14213333333333333
1303,0.05854222222222222,-0.02056888888888889,0.1424
1304,0.05981481481481481,-0.02046296296296296,0.14166666666666666
1305,0.06118666666666668,-0.02039555555555556,0.14120000000000002
1306,0.06275555555555556,-0.02039555555555556,0.14120000000000002
1307,0.06374740740740742,-0.020212592592592598,0.13993333333333335
1308,0.06483555555555556,-0.02006814814814815,0.13893333333333335
1309,0.06590148148148149,-0.019923703703703704,0.13793333333333335
1310,0.06639111111111111,-0.019615555555555556,0.1358
1311,-0.031402962962962966,-0.01712888888888889,0.12846666666666667
1312,-0.030271111111111113,-0.017297777777777777,0.12973333333333334
1313,-0.029051851851851853,-0.017431111111111112,0.13073333333333334
1314,-0.01809777777777778,-0.01809777777777778,0.13573333333333334
1315,-0.016711851851851853,-0.01823111111111111,0.13673333333333335
1316,-0.015303703703703707,-0.018364444444444444,0.13773333333333335
1317,-0.0138,-0.018400000000000003,0.138
1318,-0.012355555555555557,-0.018533333333333336,0.139
1319,-0.01076962962962963,-0.018462222222222224,0.13846666666666668
1320,-0.009297777777777778,-0.018595555555555556,0.13946666666666668
1321,-0.0015859259259259262,-0.019031111111111113,0.14273333333333335
1322,0.0,-0.019137777777777778,0.14353333333333335
1323,0.001611851851851852,-0.019342222222222222,0.14506666666666668
1324,0.0032355555555555558,-0.019413333333333335,0.1456
1325,0.004904444444444443,-0.019617777777777772,0.1471333333333333
1326,0.0065392592592592585,-0.019617777777777772,0.1471333333333333
1327,0.008185185185185184,-0.019644444444444444,0.14733333333333332
1328,0.009786666666666666,-0.01957333333333333,0.14679999999999999
1329,0.011397037037037035,-0.01953777777777778,0.14653333333333332
1330,0.013042962962962963,-0.019564444444444443,0.14673333333333333
1331,0.051871111111111125,-0.018862222222222225,0.14146666666666668
1332,0.05374518518518519,-0.018968888888888893,0.14226666666666668
1333,0.05524814814814815,-0.018942222222222225,0.14206666666666667
1334,0.056639999999999996,-0.01888,0.1416
1335,0.05821333333333334,-0.01888,0.1416
1336,0.05936444444444445,-0.01874666666666667,0.1406
1337,0.060608888888888886,-0.01864888888888889,0.13986666666666667
1338,0.06171851851851852,-0.018515555555555556,0.13886666666666667
1339,0.06314,-0.01848,0.1386
1340,0.06408888888888889,-0.01831111111111111,0.13733333333333334
1341,0.06513703703703703,-0.01817777777777778,0.13633333333333333
1342,0.06538074074074074,-0.01783111111111111,0.13373333333333334
1343,-0.031158518518518523,-0.015579259259259261,0.12746666666666667
1344,-0.03003777777777778,-0.015734074074074074,0.12873333333333334
1345,-0.028829629629629632,-0.015856296296296295,0.12973333333333334
1346,-0.018133333333333335,-0.016622222222222222,0.136
1347,-0.016744444444444447,-0.016744444444444447,0.137
1348,-0.015222222222222224,-0.016744444444444447,0.137
1349,-0.0138,-0.01686666666666667,0.138
1350,-0.012355555555555557,-0.01698888888888889,0.139
1351,-0.01079037037037037,-0.0169562962962963,0.13873333333333335
1352,-0.009315555555555556,-0.01707851851851852,0.13973333333333335
1353,-0.007762962962962964,-0.01707851851851852,0.13973333333333335
1354,-0.001588888888888889,-0.01747777777777778,0.14300000000000002
1355,0.0,-0.017575555555555556,0.1438
1356,0.001614814814814815,-0.017762962962962963,0.14533333333333334
1357,0.0032414814814814815,-0.01782814814814815,0.14586666666666667
1358,0.004913333333333333,-0.018015555555555552,0.14739999999999998
1359,0.00655111111111111,-0.018015555555555552,0.14739999999999998
1360,0.008144444444444444,-0.017917777777777776,0.14659999999999998
1361,0.009822222222222222,-0.018007407407407406,0.14733333333333332
1362,0.011438518518518516,-0.017974814814814815,0.14706666666666665
1363,0.01300148148148148,-0.01787703703703704,0.14626666666666666
1364,0.014646666666666667,-0.01790148148148148,0.14646666666666666
1365,0.05326666666666667,-0.017233333333333337,0.14100000000000001
1366,0.055040740740740744,-0.017298518518518522,0.14153333333333334
1367,0.05653333333333333,-0.017274074074074074,0.14133333333333334
1368,0.0576925925925926,-0.017151851851851852,0.14033333333333334
1369,0.05902666666666667,-0.017086666666666667,0.1398
1370,0.06003111111111111,-0.01693185185185185,0.13853333333333334
1371,0.061125925925925924,-0.016809629629629633,0.13753333333333334
1372,0.0625325925925926,-0.016777037037037038,0.13726666666666668
1373,0.06346666666666667,-0.016622222222222222,0.136
1374,0.0645,-0.0165,0.135
1375,-0.030914074074074073,-0.014051851851851854,0.12646666666666667
1376,-0.029804444444444442,-0.014192592592592593,0.12773333333333334
1377,-0.02860740740740741,-0.014303703703703706,0.12873333333333334
1378,-0.018062222222222223,-0.015051851851851853,0.13546666666666668
1379,-0.01667925925925926,-0.015162962962962965,0.13646666666666668
1380,-0.015192592592592594,-0.015192592592592594,0.13673333333333335
1381,-0.0138,-0.015333333333333334,0.138
1382,-0.012266666666666667,-0.015333333333333334,0.138
1383,-0.01079037037037037,-0.015414814814814817,0.13873333333333335
1384,-0.009315555555555556,-0.015525925925925927,0.13973333333333335
1385,-0.007762962962962964,-0.015525925925925927,0.13973333333333335
1386,-0.001588888888888889,-0.01588888888888889,0.14300000000000002
1387,0.0,-0.015977777777777778,0.1438
1388,0.001614814814814815,-0.016148148148148148,0.14533333333333334
1389,0.0032414814814814815,-0.01620740740740741,0.14586666666666667
1390,0.004880000000000001,-0.016266666666666665,0.1464
1391,0.00655111111111111,-0.016377777777777776,0.14739999999999998
1392,0.008144444444444444,-0.016288888888888887,0.14659999999999998
1393,0.009822222222222222,-0.01637037037037037,0.14733333333333332
1394,0.011438518518518516,-0.01634074074074074,0.14706666666666665
1395,0.01300148148148148,-0.01625185185185185,0.14626666666666666
1396,0.014573333333333332,-0.016192592592592592,0.14573333333333333
1397,0.053165925925925936,-0.01563703703703704,0.14073333333333335
1398,0.05493703703703704,-0.0156962962962963,0.14126666666666668
1399,0.05632,-0.015644444444444447,0.1408
1400,0.057473333333333335,-0.015533333333333335,0.1398
1401,0.05891407407407408,-0.015503703703703704,0.13953333333333334
1402,0.059800000000000006,-0.015333333333333334,0.138
1403,0.06077037037037038,-0.015192592592592594,0.13673333333333335
1404,-0.02950888888888889,-0.012646666666666667,0.12646666666666667
1405,-0.028325925925925925,-0.012746666666666667,0.12746666666666667
1406,-0.018062222222222223,-0.013546666666666667,0.13546666666666668
1407,-0.01655703703703704,-0.013546666666666667,0.13546666666666668
1408,-0.015192592592592594,-0.013673333333333334,0.13673333333333335
1409,-0.0138,-0.0138,0.138
1410,-0.012266666666666667,-0.0138,0.138
1411,-0.01079037037037037,-0.013873333333333335,0.13873333333333335
1412,-0.009315555555555556,-0.013973333333333334,0.13973333333333335
1413,-0.007748148148148148,-0.013946666666666668,0.13946666666666668
1414,-0.001577777777777778,-0.0142,0.14200000000000002
1415,0.0,-0.01438,0.1438
1416,0.001600740740740741,-0.014406666666666668,0.14406666666666668
1417,0.0032355555555555558,-0.01456,0.1456
1418,0.004871111111111112,-0.014613333333333332,0.14613333333333334
1419,0.0065392592592592585,-0.014713333333333332,0.1471333333333333
1420,0.008129629629629629,-0.01463333333333333,0.14633333333333332
1421,0.009737777777777776,-0.014606666666666664,0.14606666666666665
1422,0.01134,-0.014579999999999997,0.14579999999999999
1423,0.01300148148148148,-0.014626666666666665,0.14626666666666666
1424,0.014573333333333332,-0.014573333333333332,0.14573333333333333
1425,0.05589333333333334,-0.013973333333333334,0.13973333333333335
1426,0.05703481481481482,-0.013873333333333335,0.13873333333333335
1427,0.05846370370370371,-0.013846666666666669,0.13846666666666668
1428,-0.028325925925925925,-0.01133037037037037,0.12746666666666667
1429,-0.01792888888888889,-0.011952592592592595,0.13446666666666668
1430,-0.01655703703703704,-0.012041481481481483,0.13546666666666668
1431,-0.015192592592592594,-0.012154074074074076,0.13673333333333335
1432,-0.0137,-0.012177777777777779,0.137
1433,-0.012266666666666667,-0.012266666666666667,0.138
1434,-0.01079037037037037,-0.012331851851851853,0.13873333333333335
1435,-0.00924888888888889,-0.012331851851851853,0.13873333333333335
1436,-0.007748148148148148,-0.012397037037037038,0.13946666666666668
1437,-0.001577777777777778,-0.012622222222222224,0.14200000000000002
1438,0.0,-0.012782222222222223,0.1438
1439,0.001600740740740741,-0.012805925925925927,0.14406666666666668
1440,0.00322962962962963,-0.01291851851851852,0.14533333333333334
1441,0.004853333333333334,-0.012942222222222223,0.1456
1442,0.006482962962962963,-0.012965925925925926,0.14586666666666667
1443,0.008129629629629629,-0.013007407407407405,0.14633333333333332
1444,0.009737777777777776,-0.012983703703703702,0.14606666666666665
1445,0.01134,-0.01296,0.14579999999999999
1446,0.01300148148148148,-0.01300148148148148,0.14626666666666666
1447,0.014599999999999998,-0.012977777777777777,0.146
1448,0.016162962962962962,-0.01293037037037037,0.14546666666666666
1449,-0.01792888888888889,-0.010458518518518518,0.13446666666666668
1450,-0.01655703703703704,-0.010536296296296297,0.13546666666666668
1451,-0.015081481481481484,-0.010557037037037038,0.13573333333333334
1452,-0.0137,-0.010655555555555557,0.137
1453,-0.012266666666666667,-0.010733333333333334,0.138
1454,-0.01079037037037037,-0.01079037037037037,0.13873333333333335
1455,-0.00924888888888889,-0.01079037037037037,0.13873333333333335
1456,-0.007748148148148148,-0.01084740740740741,0.13946666666666668
1457,-0.001577777777777778,-0.011044444444444445,0.14200000000000002
1458,0.0,-0.011184444444444447,0.1438
1459,0.0015977777777777778,-0.011184444444444447,0.1438
1460,0.003223703703703704,-0.011282962962962963,0.14506666666666668
1461,0.004844444444444445,-0.011303703703703705,0.14533333333333334
1462,0.0064711111111111115,-0.011324444444444446,0.1456
1463,0.008114814814814814,-0.01136074074074074,0.14606666666666665
1464,0.009737777777777776,-0.01136074074074074,0.14606666666666665
1465,0.01134,-0.01134,0.14579999999999999
1466,0.012912592592592592,-0.011298518518518517,0.14526666666666666
1467,0.014599999999999998,-0.011355555555555556,0.146
1468,0.016162962962962962,-0.011314074074074074,0.14546666666666666
1469,-0.012219259259259261,-0.009164444444444446,0.13746666666666668
1470,-0.009231111111111112,-0.009231111111111112,0.13846666666666668
1471,0.0,-0.009551111111111113,0.14326666666666668
1472,0.001591851851851852,-0.009551111111111113,0.14326666666666668
1473,0.00318962962962963,-0.009568888888888889,0.14353333333333335
1474,0.0048177777777777785,-0.009635555555555557,0.14453333333333335
1475,0.006435555555555556,-0.009653333333333333,0.1448
1476,0.008085185185185185,-0.009702222222222221,0.14553333333333332
1477,0.009702222222222221,-0.009702222222222221,0.14553333333333332
1478,0.011298518518518517,-0.009684444444444443,0.14526666666666666
1479,0.012865185185185184,-0.00964888888888889,0.14473333333333332
1480,0.014446666666666667,-0.009631111111111111,0.14446666666666666
1481,0.0,-0.007914814814814817,0.14246666666666669
1482,0.001582962962962963,-0.007914814814814817,0.14246666666666669
1483,0.003165925925925926,-0.007914814814814817,0.14246666666666669
1484,0.0047911111111111114,-0.007985185185185187,0.14373333333333335
1485,0.006400000000000001,-0.008,0.14400000000000002
1486,0.008055555555555555,-0.008055555555555555,0.145
1487,0.00964888888888889,-0.00804074074074074,0.14473333333333332
1488,0.011257037037037036,-0.00804074074074074,0.14473333333333332
1489,0.012841481481481481,-0.008025925925925926,0.14446666666666666
1490,0.008025925925925926,-0.006420740740740741,0.14446666666666666
1491,0.009631111111111111,-0.006420740740740741,0.14446666666666666
1492,0.008025925925925926,-0.0048155555555555556,0.14446666666666666
1493,0.009631111111111111,-0.0048155555555555556,0.14446666666666666
