,one,two,three
0,0,1,2
1,1,3,2
2,2,3,5
3,2,5,4
4,3,6,5
5,4,5,7
6,5,6,8
7,5,8,7
8,6,9,8
9,7,8,13
10,8,9,14
11,8,14,13
12,9,10,15
13,9,15,14
14,10,11,16
15,10,16,15
16,11,12,17
17,11,17,16
18,12,18,17
19,13,14,19
20,14,15,20
21,14,20,19
22,15,16,21
23,15,21,20
24,16,17,22
25,16,22,21
26,17,18,23
27,17,23,22
28,18,24,23
29,19,20,27
30,19,27,26
31,20,21,28
32,20,28,27
33,21,22,29
34,21,29,28
35,22,23,30
36,22,30,29
37,23,24,31
38,23,31,30
39,24,32,31
40,25,26,33
41,26,27,34
42,26,34,33
43,27,28,35
44,27,35,34
45,28,29,36
46,28,36,35
47,29,30,37
48,29,37,36
49,30,31,38
50,30,38,37
51,31,32,39
52,31,39,38
53,32,40,39
54,34,35,41
55,35,36,42
56,35,42,41
57,36,37,43
58,36,43,42
59,37,38,44
60,37,44,43
61,38,39,45
62,38,45,44
63,39,40,46
64,39,46,45
65,40,47,46
66,41,42,52
67,41,52,51
68,42,43,53
69,42,53,52
70,43,44,54
71,43,54,53
72,44,45,55
73,44,55,54
74,45,46,56
75,45,56,55
76,46,47,57
77,46,57,56
78,47,58,57
79,48,49,60
80,49,50,61
81,49,61,60
82,50,51,62
83,50,62,61
84,51,52,63
85,51,63,62
86,52,53,64
87,52,64,63
88,53,54,65
89,53,65,64
90,54,55,66
91,54,66,65
92,55,56,67
93,55,67,66
94,56,57,68
95,56,68,67
96,57,58,69
97,57,69,68
98,58,59,70
99,58,70,69
100,59,71,70
101,60,61,73
102,60,73,72
103,61,62,74
104,61,74,73
105,62,63,75
106,62,75,74
107,63,64,76
108,63,76,75
109,64,65,77
110,64,77,76
111,65,66,78
112,65,78,77
113,66,67,79
114,66,79,78
115,67,68,80
116,67,80,79
117,68,69,81
118,68,81,80
119,69,70,82
120,69,82,81
121,70,71,83
122,70,83,82
123,71,84,83
124,72,73,88
125,73,74,89
126,73,89,88
127,74,75,90
128,74,90,89
129,75,76,91
130,75,91,90
131,76,77,92
132,76,92,91
133,77,78,93
134,77,93,92
135,78,79,94
136,78,94,93
137,79,80,95
138,79,95,94
139,80,81,96
140,80,96,95
141,81,82,97
142,81,97,96
143,82,83,98
144,82,98,97
145,83,84,99
146,83,99,98
147,84,85,100
148,84,100,99
149,85,101,100
150,86,87,105
151,86,105,104
152,87,106,105
153,88,89,107
154,89,90,108
155,89,108,107
156,90,91,109
157,90,109,108
158,91,92,110
159,91,110,109
160,92,93,111
161,92,111,110
162,93,94,112
163,93,112,111
164,94,95,113
165,94,113,112
166,95,96,114
167,95,114,113
168,96,97,115
169,96,115,114
170,97,98,116
171,97,116,115
172,98,99,117
173,98,117,116
174,99,100,118
175,99,118,117
176,100,101,119
177,100,119,118
178,101,120,119
179,102,103,122
180,103,104,123
181,103,123,122
182,104,105,124
183,104,124,123
184,105,106,125
185,105,125,124
186,106,126,125
187,107,108,127
188,108,109,128
189,108,128,127
190,109,110,129
191,109,129,128
192,110,111,130
193,110,130,129
194,111,112,131
195,111,131,130
196,112,113,132
197,112,132,131
198,113,114,133
199,113,133,132
200,114,115,134
201,114,134,133
202,115,116,135
203,115,135,134
204,116,117,136
205,116,136,135
206,117,118,137
207,117,137,136
208,118,119,138
209,118,138,137
210,119,120,139
211,119,139,138
212,120,121,140
213,120,140,139
214,121,141,140
215,122,123,142
216,123,124,143
217,123,143,142
218,124,125,144
219,124,144,143
220,125,126,145
221,125,145,144
222,126,146,145
223,127,128,148
224,127,148,147
225,128,129,149
226,128,149,148
227,129,130,150
228,129,150,149
229,130,131,151
230,130,151,150
231,131,132,152
232,131,152,151
233,132,133,153
234,132,153,152
235,133,134,154
236,133,154,153
237,134,135,155
238,134,155,154
239,135,136,156
240,135,156,155
241,136,137,157
242,136,157,156
243,137,138,158
244,137,158,157
245,138,139,159
246,138,159,158
247,139,140,160
248,139,160,159
249,140,141,161
250,140,161,160
251,141,162,161
252,142,143,163
253,143,144,164
254,143,164,163
255,144,145,165
256,144,165,164
257,145,146,166
258,145,166,165
259,146,167,166
260,147,148,168
261,148,149,169
262,148,169,168
263,149,150,170
264,149,170,169
265,150,151,171
266,150,171,170
267,151,152,172
268,151,172,171
269,152,153,173
270,152,173,172
271,153,154,174
272,153,174,173
273,154,155,175
274,154,175,174
275,155,156,176
276,155,176,175
277,156,157,177
278,156,177,176
279,157,158,178
280,157,178,177
281,158,159,179
282,158,179,178
283,159,160,180
284,159,180,179
285,160,161,181
286,160,181,180
287,161,162,182
288,161,182,181
289,162,183,182
290,163,164,185
291,164,165,186
292,164,186,185
293,165,166,187
294,165,187,186
295,166,167,188
296,166,188,187
297,167,189,188
298,169,170,190
299,170,171,191
300,170,191,190
301,171,172,192
302,171,192,191
303,172,173,193
304,172,193,192
305,173,174,194
306,173,194,193
307,174,175,195
308,174,195,194
309,175,176,196
310,175,196,195
311,176,177,197
312,176,197,196
313,177,178,198
314,177,198,197
315,178,179,199
316,178,199,198
317,179,180,200
318,179,200,199
319,180,181,201
320,180,201,200
321,181,182,202
322,181,202,201
323,182,183,203
324,182,203,202
325,183,184,204
326,183,204,203
327,184,205,204
328,185,186,209
329,185,209,208
330,186,187,210
331,186,210,209
332,187,188,211
333,187,211,210
334,188,189,212
335,188,212,211
336,189,213,212
337,190,191,214
338,191,192,215
339,191,215,214
340,192,193,216
341,192,216,215
342,193,194,217
343,193,217,216
344,194,195,218
345,194,218,217
346,195,196,219
347,195,219,218
348,196,197,220
349,196,220,219
350,197,198,221
351,197,221,220
352,198,199,222
353,198,222,221
354,199,200,223
355,199,223,222
356,200,201,224
357,200,224,223
358,201,202,225
359,201,225,224
360,202,203,226
361,202,226,225
362,203,204,227
363,203,227,226
364,204,205,228
365,204,228,227
366,205,206,229
367,205,229,228
368,206,230,229
369,207,208,232
370,207,232,231
371,208,209,233
372,208,233,232
373,209,210,234
374,209,234,233
375,210,211,235
376,210,235,234
377,211,212,236
378,211,236,235
379,212,213,237
380,212,237,236
381,213,238,237
382,214,215,240
383,215,216,241
384,215,241,240
385,216,217,242
386,216,242,241
387,217,218,243
388,217,243,242
389,218,219,244
390,218,244,243
391,219,220,245
392,219,245,244
393,220,221,246
394,220,246,245
395,221,222,247
396,221,247,246
397,222,223,248
398,222,248,247
399,223,224,249
400,223,249,248
401,224,225,250
402,224,250,249
403,225,226,251
404,225,251,250
405,226,227,252
406,226,252,251
407,227,228,253
408,227,253,252
409,228,229,254
410,228,254,253
411,229,230,255
412,229,255,254
413,230,256,255
414,231,232,257
415,232,233,258
416,232,258,257
417,233,234,259
418,233,259,258
419,234,235,260
420,234,260,259
421,235,236,261
422,235,261,260
423,236,237,262
424,236,262,261
425,237,238,263
426,237,263,262
427,238,239,264
428,238,264,263
429,239,265,264
430,241,242,266
431,242,243,267
432,242,267,266
433,243,244,268
434,243,268,267
435,244,245,269
436,244,269,268
437,245,246,270
438,245,270,269
439,246,247,271
440,246,271,270
441,247,248,272
442,247,272,271
443,248,249,273
444,248,273,272
445,249,250,274
446,249,274,273
447,250,251,275
448,250,275,274
449,251,252,276
450,251,276,275
451,252,253,277
452,252,277,276
453,253,254,278
454,253,278,277
455,254,255,279
456,254,279,278
457,255,256,280
458,255,280,279
459,256,281,280
460,257,258,285
461,258,259,286
462,258,286,285
463,259,260,287
464,259,287,286
465,260,261,288
466,260,288,287
467,261,262,289
468,261,289,288
469,262,263,290
470,262,290,289
471,263,264,291
472,263,291,290
473,264,265,292
474,264,292,291
475,265,293,292
476,266,267,294
477,267,268,295
478,267,295,294
479,268,269,296
480,268,296,295
481,269,270,297
482,269,297,296
483,270,271,298
484,270,298,297
485,271,272,299
486,271,299,298
487,272,273,300
488,272,300,299
489,273,274,301
490,273,301,300
491,274,275,302
492,274,302,301
493,275,276,303
494,275,303,302
495,276,277,304
496,276,304,303
497,277,278,305
498,277,305,304
499,278,279,306
500,278,306,305
501,279,280,307
502,279,307,306
503,280,281,308
504,280,308,307
505,281,282,309
506,281,309,308
507,282,310,309
508,283,284,312
509,283,312,311
510,284,313,312
511,285,286,317
512,286,287,318
513,286,318,317
514,287,288,319
515,287,319,318
516,288,289,320
517,288,320,319
518,289,290,321
519,289,321,320
520,290,291,322
521,290,322,321
522,291,292,323
523,291,323,322
524,292,293,324
525,292,324,323
526,293,325,324
527,294,295,326
528,295,296,327
529,295,327,326
530,296,297,328
531,296,328,327
532,297,298,329
533,297,329,328
534,298,299,330
535,298,330,329
536,299,300,331
537,299,331,330
538,300,301,332
539,300,332,331
540,301,302,333
541,301,333,332
542,302,303,334
543,302,334,333
544,303,304,335
545,303,335,334
546,304,305,336
547,304,336,335
548,305,306,337
549,305,337,336
550,306,307,338
551,306,338,337
552,307,308,339
553,307,339,338
554,308,309,340
555,308,340,339
556,309,310,341
557,309,341,340
558,310,342,341
559,311,312,344
560,311,344,343
561,312,313,345
562,312,345,344
563,313,314,346
564,313,346,345
565,314,315,347
566,314,347,346
567,315,316,348
568,315,348,347
569,316,349,348
570,317,318,350
571,318,319,351
572,318,351,350
573,319,320,352
574,319,352,351
575,320,321,353
576,320,353,352
577,321,322,354
578,321,354,353
579,322,323,355
580,322,355,354
581,323,324,356
582,323,356,355
583,324,325,357
584,324,357,356
585,325,358,357
586,326,327,360
587,326,360,359
588,327,328,361
589,327,361,360
590,328,329,362
591,328,362,361
592,329,330,363
593,329,363,362
594,330,331,364
595,330,364,363
596,331,332,365
597,331,365,364
598,332,333,366
599,332,366,365
600,333,334,367
601,333,367,366
602,334,335,368
603,334,368,367
604,335,336,369
605,335,369,368
606,336,337,370
607,336,370,369
608,337,338,371
609,337,371,370
610,338,339,372
611,338,372,371
612,339,340,373
613,339,373,372
614,340,341,374
615,340,374,373
616,341,342,375
617,341,375,374
618,343,344,377
619,343,377,376
620,344,345,378
621,344,378,377
622,345,346,379
623,345,379,378
624,346,347,380
625,346,380,379
626,347,348,381
627,347,381,380
628,348,349,382
629,348,382,381
630,349,383,382
631,351,352,384
632,352,353,385
633,352,385,384
634,353,354,386
635,353,386,385
636,354,355,387
637,354,387,386
638,355,356,388
639,355,388,387
640,356,357,389
641,356,389,388
642,357,358,390
643,357,390,389
644,358,391,390
645,359,360,392
646,360,361,393
647,360,393,392
648,361,362,394
649,361,394,393
650,362,363,395
651,362,395,394
652,363,364,396
653,363,396,395
654,364,365,397
655,364,397,396
656,365,366,398
657,365,398,397
658,366,367,399
659,366,399,398
660,367,368,400
661,367,400,399
662,368,369,401
663,368,401,400
664,369,370,402
665,369,402,401
666,370,371,403
667,370,403,402
668,371,372,404
669,371,404,403
670,372,373,405
671,372,405,404
672,373,374,406
673,373,406,405
674,374,375,407
675,374,407,406
676,375,408,407
677,376,377,410
678,377,378,411
679,377,411,410
680,378,379,412
681,378,412,411
682,379,380,413
683,379,413,412
684,380,381,414
685,380,414,413
686,381,382,415
687,381,415,414
688,382,383,416
689,382,416,415
690,383,417,416
691,384,385,418
692,385,386,419
693,385,419,418
694,386,387,420
695,386,420,419
696,387,388,421
697,387,421,420
698,388,389,422
699,388,422,421
700,389,390,423
701,389,423,422
702,390,391,424
703,390,424,423
704,391,425,424
705,392,393,426
706,393,394,427
707,393,427,426
708,394,395,428
709,394,428,427
710,395,396,429
711,395,429,428
712,396,397,430
713,396,430,429
714,397,398,431
715,397,431,430
716,398,399,432
717,398,432,431
718,399,400,433
719,399,433,432
720,400,401,434
721,400,434,433
722,401,402,435
723,401,435,434
724,402,403,436
725,402,436,435
726,403,404,437
727,403,437,436
728,404,405,438
729,404,438,437
730,405,406,439
731,405,439,438
732,406,407,440
733,406,440,439
734,407,408,441
735,407,441,440
736,408,409,442
737,408,442,441
738,409,443,442
739,410,411,445
740,410,445,444
741,411,412,446
742,411,446,445
743,412,413,447
744,412,447,446
745,413,414,448
746,413,448,447
747,414,415,449
748,414,449,448
749,415,416,450
750,415,450,449
751,416,417,451
752,416,451,450
753,417,452,451
754,419,420,453
755,420,421,454
756,420,454,453
757,421,422,455
758,421,455,454
759,422,423,456
760,422,456,455
761,423,424,457
762,423,457,456
763,424,425,458
764,424,458,457
765,425,459,458
766,426,427,460
767,427,428,461
768,427,461,460
769,428,429,462
770,428,462,461
771,429,430,463
772,429,463,462
773,430,431,464
774,430,464,463
775,431,432,465
776,431,465,464
777,432,433,466
778,432,466,465
779,433,434,467
780,433,467,466
781,434,435,468
782,434,468,467
783,435,436,469
784,435,469,468
785,436,437,470
786,436,470,469
787,437,438,471
788,437,471,470
789,438,439,472
790,438,472,471
791,439,440,473
792,439,473,472
793,440,441,474
794,440,474,473
795,441,442,475
796,441,475,474
797,442,443,476
798,442,476,475
799,443,444,477
800,443,477,476
801,444,445,478
802,444,478,477
803,445,446,479
804,445,479,478
805,446,447,480
806,446,480,479
807,447,448,481
808,447,481,480
809,448,449,482
810,448,482,481
811,449,450,483
812,449,483,482
813,450,451,484
814,450,484,483
815,451,452,485
816,451,485,484
817,452,486,485
818,454,455,487
819,455,456,488
820,455,488,487
821,456,457,489
822,456,489,488
823,457,458,490
824,457,490,489
825,458,459,491
826,458,491,490
827,459,492,491
828,460,461,493
829,461,462,494
830,461,494,493
831,462,463,495
832,462,495,494
833,463,464,496
834,463,496,495
835,464,465,497
836,464,497,496
837,465,466,498
838,465,498,497
839,466,467,499
840,466,499,498
841,467,468,500
842,467,500,499
843,468,469,501
844,468,501,500
845,469,470,502
846,469,502,501
847,470,471,503
848,470,503,502
849,471,472,504
850,471,504,503
851,472,473,505
852,472,505,504
853,473,474,506
854,473,506,505
855,474,475,507
856,474,507,506
857,475,476,508
858,475,508,507
859,476,477,509
860,476,509,508
861,477,478,510
862,477,510,509
863,478,479,511
864,478,511,510
865,479,480,512
866,479,512,511
867,480,481,513
868,480,513,512
869,481,482,514
870,481,514,513
871,482,483,515
872,482,515,514
873,483,484,516
874,483,516,515
875,484,485,517
876,484,517,516
877,485,486,518
878,485,518,517
879,486,519,518
880,488,489,520
881,489,490,521
882,489,521,520
883,490,491,522
884,490,522,521
885,491,492,523
886,491,523,522
887,493,494,524
888,494,495,525
889,494,525,524
890,495,496,526
891,495,526,525
892,496,497,527
893,496,527,526
894,497,498,528
895,497,528,527
896,498,499,529
897,498,529,528
898,499,500,530
899,499,530,529
900,500,501,531
901,500,531,530
902,501,502,532
903,501,532,531
904,502,503,533
905,502,533,532
906,503,504,534
907,503,534,533
908,504,505,535
909,504,535,534
910,505,506,536
911,505,536,535
912,506,507,537
913,506,537,536
914,507,508,538
915,507,538,537
916,508,509,539
917,508,539,538
918,509,510,540
919,509,540,539
920,510,511,541
921,510,541,540
922,511,512,542
923,511,542,541
924,512,513,543
925,512,543,542
926,513,514,544
927,513,544,543
928,514,515,545
929,514,545,544
930,515,516,546
931,515,546,545
932,516,517,547
933,516,547,546
934,517,518,548
935,517,548,547
936,518,519,549
937,518,549,548
938,519,550,549
939,520,521,555
940,520,555,554
941,521,522,556
942,521,556,555
943,522,523,557
944,522,557,556
945,523,558,557
946,524,525,559
947,525,526,560
948,525,560,559
949,526,527,561
950,526,561,560
951,527,528,562
952,527,562,561
953,528,529,563
954,528,563,562
955,529,530,564
956,529,564,563
957,530,531,565
958,530,565,564
959,531,532,566
960,531,566,565
961,532,533,567
962,532,567,566
963,533,534,568
964,533,568,567
965,534,535,569
966,534,569,568
967,535,536,570
968,535,570,569
969,536,537,571
970,536,571,570
971,537,538,572
972,537,572,571
973,538,539,573
974,538,573,572
975,539,540,574
976,539,574,573
977,540,541,575
978,540,575,574
979,541,542,576
980,541,576,575
981,542,543,577
982,542,577,576
983,543,544,578
984,543,578,577
985,544,545,579
986,544,579,578
987,545,546,580
988,545,580,579
989,546,547,581
990,546,581,580
991,547,548,582
992,547,582,581
993,548,549,583
994,548,583,582
995,549,550,584
996,549,584,583
997,550,585,584
998,551,552,587
999,551,587,586
1000,552,553,588
1001,552,588,587
1002,553,554,589
1003,553,589,588
1004,554,555,590
1005,554,590,589
1006,555,556,591
1007,555,591,590
1008,556,557,592
1009,556,592,591
1010,557,558,593
1011,557,593,592
1012,558,594,593
1013,559,560,596
1014,559,596,595
1015,560,561,597
1016,560,597,596
1017,561,562,598
1018,561,598,597
1019,562,563,599
1020,562,599,598
1021,563,564,600
1022,563,600,599
1023,564,565,601
1024,564,601,600
1025,565,566,602
1026,565,602,601
1027,566,567,603
1028,566,603,602
1029,567,568,604
1030,567,604,603
1031,568,569,605
1032,568,605,604
1033,569,570,606
1034,569,606,605
1035,570,571,607
1036,570,607,606
1037,571,572,608
1038,571,608,607
1039,572,573,609
1040,572,609,608
1041,573,574,610
1042,573,610,609
1043,574,575,611
1044,574,611,610
1045,575,576,612
1046,575,612,611
1047,576,577,613
1048,576,613,612
1049,577,578,614
1050,577,614,613
1051,578,579,615
1052,578,615,614
1053,581,582,616
1054,582,583,617
1055,582,617,616
1056,583,584,618
1057,583,618,617
1058,584,585,619
1059,584,619,618
1060,585,620,619
1061,586,587,621
1062,587,588,622
1063,587,622,621
1064,588,589,623
1065,588,623,622
1066,589,590,624
1067,589,624,623
1068,590,591,625
1069,590,625,624
1070,591,592,626
1071,591,626,625
1072,592,593,627
1073,592,627,626
1074,593,594,628
1075,593,628,627
1076,594,629,628
1077,595,596,631
1078,596,597,632
1079,596,632,631
1080,597,598,633
1081,597,633,632
1082,598,599,634
1083,598,634,633
1084,599,600,635
1085,599,635,634
1086,600,601,636
1087,600,636,635
1088,601,602,637
1089,601,637,636
1090,602,603,638
1091,602,638,637
1092,603,604,639
1093,603,639,638
1094,604,605,640
1095,604,640,639
1096,605,606,641
1097,605,641,640
1098,606,607,642
1099,606,642,641
1100,607,608,643
1101,607,643,642
1102,608,609,644
1103,608,644,643
1104,609,610,645
1105,609,645,644
1106,610,611,646
1107,610,646,645
1108,611,612,647
1109,611,647,646
1110,612,613,648
1111,612,648,647
1112,613,614,649
1113,613,649,648
1114,614,615,650
1115,614,650,649
1116,615,651,650
1117,616,617,654
1118,616,654,653
1119,617,618,655
1120,617,655,654
1121,618,619,656
1122,618,656,655
1123,619,620,657
1124,619,657,656
1125,620,658,657
1126,621,622,659
1127,622,623,660
1128,622,660,659
1129,623,624,661
1130,623,661,660
1131,624,625,662
1132,624,662,661
1133,625,626,663
1134,625,663,662
1135,626,627,664
1136,626,664,663
1137,627,628,665
1138,627,665,664
1139,628,629,666
1140,628,666,665
1141,629,630,667
1142,629,667,666
1143,630,668,667
1144,631,632,670
1145,631,670,669
1146,632,633,671
1147,632,671,670
1148,633,634,672
1149,633,672,671
1150,634,635,673
1151,634,673,672
1152,635,636,674
1153,635,674,673
1154,636,637,675
1155,636,675,674
1156,637,638,676
1157,637,676,675
1158,638,639,677
1159,638,677,676
1160,639,640,678
1161,639,678,677
1162,640,641,679
1163,640,679,678
1164,641,642,680
1165,641,680,679
1166,642,643,681
1167,642,681,680
1168,643,644,682
1169,643,682,681
1170,644,645,683
1171,644,683,682
1172,645,646,684
1173,645,684,683
1174,646,647,685
1175,646,685,684
1176,647,648,686
1177,647,686,685
1178,648,649,687
1179,648,687,686
1180,649,650,688
1181,649,688,687
1182,650,651,689
1183,650,689,688
1184,651,652,690
1185,651,690,689
1186,652,653,691
1187,652,691,690
1188,653,654,692
1189,653,692,691
1190,654,655,693
1191,654,693,692
1192,655,656,694
1193,655,694,693
1194,656,657,695
1195,656,695,694
1196,657,658,696
1197,657,696,695
1198,658,697,696
1199,659,660,698
1200,660,661,699
1201,660,699,698
1202,661,662,700
1203,661,700,699
1204,662,663,701
1205,662,701,700
1206,663,664,702
1207,663,702,701
1208,664,665,703
1209,664,703,702
1210,665,666,704
1211,665,704,703
1212,666,667,705
1213,666,705,704
1214,667,668,706
1215,667,706,705
1216,668,707,706
1217,669,670,708
1218,670,671,709
1219,670,709,708
1220,671,672,710
1221,671,710,709
1222,672,673,711
1223,672,711,710
1224,673,674,712
1225,673,712,711
1226,674,675,713
1227,674,713,712
1228,675,676,714
1229,675,714,713
1230,676,677,715
1231,676,715,714
1232,677,678,716
1233,677,716,715
1234,678,679,717
1235,678,717,716
1236,679,680,718
1237,679,718,717
1238,680,681,719
1239,680,719,718
1240,681,682,720
1241,681,720,719
1242,682,683,721
1243,682,721,720
1244,683,684,722
1245,683,722,721
1246,684,685,723
1247,684,723,722
1248,685,686,724
1249,685,724,723
1250,686,687,725
1251,686,725,724
1252,687,688,726
1253,687,726,725
1254,688,689,727
1255,688,727,726
1256,689,690,728
1257,689,728,727
1258,690,691,729
1259,690,729,728
1260,691,692,730
1261,691,730,729
1262,692,693,731
1263,692,731,730
1264,693,694,732
1265,693,732,731
1266,694,695,733
1267,694,733,732
1268,695,696,734
1269,695,734,733
1270,696,697,735
1271,696,735,734
1272,697,736,735
1273,698,699,739
1274,699,700,740
1275,699,740,739
1276,700,701,741
1277,700,741,740
1278,701,702,742
1279,701,742,741
1280,702,703,743
1281,702,743,742
1282,703,704,744
1283,703,744,743
1284,704,705,745
1285,704,745,744
1286,705,706,746
1287,705,746,745
1288,706,707,747
1289,706,747,746
1290,707,748,747
1291,708,709,749
1292,709,710,750
1293,709,750,749
1294,710,711,751
1295,710,751,750
1296,711,712,752
1297,711,752,751
1298,712,713,753
1299,712,753,752
1300,713,714,754
1301,713,754,753
1302,714,715,755
1303,714,755,754
1304,715,716,756
1305,715,756,755
1306,716,717,757
1307,716,757,756
1308,717,718,758
1309,717,758,757
1310,718,719,759
1311,718,759,758
1312,719,720,760
1313,719,760,759
1314,720,721,761
1315,720,761,760
1316,721,722,762
1317,721,762,761
1318,722,723,763
1319,722,763,762
1320,723,724,764
1321,723,764,763
1322,724,725,765
1323,724,765,764
1324,725,726,766
1325,725,766,765
1326,726,727,767
1327,726,767,766
1328,727,728,768
1329,727,768,767
1330,728,729,769
1331,728,769,768
1332,729,730,770
1333,729,770,769
1334,730,731,771
1335,730,771,770
1336,731,732,772
1337,731,772,771
1338,732,733,773
1339,732,773,772
1340,733,734,774
1341,733,774,773
1342,734,735,775
1343,734,775,774
1344,735,736,776
1345,735,776,775
1346,736,737,777
1347,736,777,776
1348,737,738,778
1349,737,778,777
1350,738,779,778
1351,739,740,780
1352,740,741,781
1353,740,781,780
1354,741,742,782
1355,741,782,781
1356,742,743,783
1357,742,783,782
1358,743,744,784
1359,743,784,783
1360,744,745,785
1361,744,785,784
1362,745,746,786
1363,745,786,785
1364,746,747,787
1365,746,787,786
1366,747,748,788
1367,747,788,787
1368,748,789,788
1369,749,750,790
1370,750,751,791
1371,750,791,790
1372,751,752,792
1373,751,792,791
1374,752,753,793
1375,752,793,792
1376,753,754,794
1377,753,794,793
1378,755,756,795
1379,756,757,796
1380,756,796,795
1381,757,758,797
1382,757,797,796
1383,758,759,798
1384,758,798,797
1385,759,760,799
1386,759,799,798
1387,760,761,800
1388,760,800,799
1389,761,762,801
1390,761,801,800
1391,762,763,802
1392,762,802,801
1393,763,764,803
1394,763,803,802
1395,764,765,804
1396,764,804,803
1397,765,766,805
1398,765,805,804
1399,766,767,806
1400,766,806,805
1401,767,768,807
1402,767,807,806
1403,768,769,808
1404,768,808,807
1405,769,770,809
1406,769,809,808
1407,770,771,810
1408,770,810,809
1409,771,772,811
1410,771,811,810
1411,772,773,812
1412,772,812,811
1413,773,774,813
1414,773,813,812
1415,774,775,814
1416,774,814,813
1417,775,776,815
1418,775,815,814
1419,776,777,816
1420,776,816,815
1421,777,778,817
1422,777,817,816
1423,778,779,818
1424,778,818,817
1425,779,819,818
1426,783,784,820
1427,784,785,821
1428,784,821,820
1429,785,786,822
1430,785,822,821
1431,786,787,823
1432,786,823,822
1433,787,788,824
1434,787,824,823
1435,788,789,825
1436,788,825,824
1437,789,826,825
1438,790,791,827
1439,791,792,828
1440,791,828,827
1441,792,793,829
1442,792,829,828
1443,793,794,830
1444,793,830,829
1445,794,831,830
1446,795,796,833
1447,795,833,832
1448,796,797,834
1449,796,834,833
1450,797,798,835
1451,797,835,834
1452,798,799,836
1453,798,836,835
1454,799,800,837
1455,799,837,836
1456,800,801,838
1457,800,838,837
1458,801,802,839
1459,801,839,838
1460,802,803,840
1461,802,840,839
1462,803,804,841
1463,803,841,840
1464,804,805,842
1465,804,842,841
1466,805,806,843
1467,805,843,842
1468,806,807,844
1469,806,844,843
1470,807,808,845
1471,807,845,844
1472,808,809,846
1473,808,846,845
1474,809,810,847
1475,809,847,846
1476,810,811,848
1477,810,848,847
1478,811,812,849
1479,811,849,848
1480,812,813,850
1481,812,850,849
1482,813,814,851
1483,813,851,850
1484,814,815,852
1485,814,852,851
1486,815,816,853
1487,815,853,852
1488,816,817,854
1489,816,854,853
1490,817,818,855
1491,817,855,854
1492,818,819,856
1493,818,856,855
1494,819,857,856
1495,820,821,859
1496,821,822,860
1497,821,860,859
1498,822,823,861
1499,822,861,860
1500,823,824,862
1501,823,862,861
1502,824,825,863
1503,824,863,862
1504,825,826,864
1505,825,864,863
1506,827,828,865
1507,828,829,866
1508,828,866,865
1509,829,830,867
1510,829,867,866
1511,830,831,868
1512,830,868,867
1513,831,832,869
1514,831,869,868
1515,832,833,870
1516,832,870,869
1517,833,834,871
1518,833,871,870
1519,834,835,872
1520,834,872,871
1521,835,836,873
1522,835,873,872
1523,836,837,874
1524,836,874,873
1525,837,838,875
1526,837,875,874
1527,838,839,876
1528,838,876,875
1529,839,840,877
1530,839,877,876
1531,840,841,878
1532,840,878,877
1533,841,842,879
1534,841,879,878
1535,842,843,880
1536,842,880,879
1537,843,844,881
1538,843,881,880
1539,844,845,882
1540,844,882,881
1541,845,846,883
1542,845,883,882
1543,846,847,884
1544,846,884,883
1545,847,848,885
1546,847,885,884
1547,848,849,886
1548,848,886,885
1549,849,850,887
1550,849,887,886
1551,850,851,888
1552,850,888,887
1553,851,852,889
1554,851,889,888
1555,852,853,890
1556,852,890,889
1557,853,854,891
1558,853,891,890
1559,854,855,892
1560,854,892,891
1561,855,856,893
1562,855,893,892
1563,856,857,894
1564,856,894,893
1565,857,858,895
1566,857,895,894
1567,858,896,895
1568,860,861,897
1569,861,862,898
1570,861,898,897
1571,862,863,899
1572,862,899,898
1573,863,864,900
1574,863,900,899
1575,864,901,900
1576,865,866,902
1577,866,867,903
1578,866,903,902
1579,867,868,904
1580,867,904,903
1581,868,869,905
1582,868,905,904
1583,869,870,906
1584,869,906,905
1585,870,871,907
1586,870,907,906
1587,871,872,908
1588,871,908,907
1589,872,873,909
1590,872,909,908
1591,873,874,910
1592,873,910,909
1593,874,875,911
1594,874,911,910
1595,875,876,912
1596,875,912,911
1597,876,877,913
1598,876,913,912
1599,877,878,914
1600,877,914,913
1601,878,879,915
1602,878,915,914
1603,879,880,916
1604,879,916,915
1605,880,881,917
1606,880,917,916
1607,881,882,918
1608,881,918,917
1609,882,883,919
1610,882,919,918
1611,883,884,920
1612,883,920,919
1613,884,885,921
1614,884,921,920
1615,885,886,922
1616,885,922,921
1617,886,887,923
1618,886,923,922
1619,887,888,924
1620,887,924,923
1621,888,889,925
1622,888,925,924
1623,889,890,926
1624,889,926,925
1625,890,891,927
1626,890,927,926
1627,891,892,928
1628,891,928,927
1629,892,893,929
1630,892,929,928
1631,893,894,930
1632,893,930,929
1633,894,895,931
1634,894,931,930
1635,903,904,932
1636,904,905,933
1637,904,933,932
1638,905,906,934
1639,905,934,933
1640,906,907,935
1641,906,935,934
1642,907,908,936
1643,907,936,935
1644,908,909,937
1645,908,937,936
1646,909,910,938
1647,909,938,937
1648,910,911,939
1649,910,939,938
1650,911,912,940
1651,911,940,939
1652,912,913,941
1653,912,941,940
1654,913,914,942
1655,913,942,941
1656,914,915,943
1657,914,943,942
1658,915,916,944
1659,915,944,943
1660,916,917,945
1661,916,945,944
1662,917,918,946
1663,917,946,945
1664,918,919,947
1665,918,947,946
1666,919,920,948
1667,919,948,947
1668,920,921,949
1669,920,949,948
1670,921,922,950
1671,921,950,949
1672,922,923,951
1673,922,951,950
1674,923,924,952
1675,923,952,951
1676,924,925,953
1677,924,953,952
1678,925,926,954
1679,925,954,953
1680,926,927,955
1681,926,955,954
1682,927,928,956
1683,927,956,955
1684,928,929,957
1685,928,957,956
1686,929,930,958
1687,929,958,957
1688,930,931,959
1689,930,959,958
1690,931,960,959
1691,932,933,962
1692,932,962,961
1693,933,934,963
1694,933,963,962
1695,934,935,964
1696,934,964,963
1697,935,936,965
1698,935,965,964
1699,936,937,966
1700,936,966,965
1701,937,938,967
1702,937,967,966
1703,938,939,968
1704,938,968,967
1705,939,940,969
1706,939,969,968
1707,940,941,970
1708,940,970,969
1709,941,942,971
1710,941,971,970
1711,942,943,972
1712,942,972,971
1713,943,944,973
1714,943,973,972
1715,944,945,974
1716,944,974,973
1717,945,946,975
1718,945,975,974
1719,946,947,976
1720,946,976,975
1721,947,948,977
1722,947,977,976
1723,948,949,978
1724,948,978,977
1725,949,950,979
1726,949,979,978
1727,950,951,980
1728,950,980,979
1729,951,952,981
1730,951,981,980
1731,952,953,982
1732,952,982,981
1733,953,954,983
1734,953,983,982
1735,954,955,984
1736,954,984,983
1737,955,956,985
1738,955,985,984
1739,956,957,986
1740,956,986,985
1741,957,958,987
1742,957,987,986
1743,958,959,988
1744,958,988,987
1745,959,960,989
1746,959,989,988
1747,960,990,989
1748,962,963,992
1749,963,964,993
1750,963,993,992
1751,964,965,994
1752,964,994,993
1753,965,966,995
1754,965,995,994
1755,966,967,996
1756,966,996,995
1757,967,968,997
1758,967,997,996
1759,968,969,998
1760,968,998,997
1761,969,970,999
1762,969,999,998
1763,970,971,1000
1764,970,1000,999
1765,971,972,1001
1766,971,1001,1000
1767,972,973,1002
1768,972,1002,1001
1769,973,974,1003
1770,973,1003,1002
1771,974,975,1004
1772,974,1004,1003
1773,975,976,1005
1774,975,1005,1004
1775,976,977,1006
1776,976,1006,1005
1777,977,978,1007
1778,977,1007,1006
1779,978,979,1008
1780,978,1008,1007
1781,979,980,1009
1782,979,1009,1008
1783,980,981,1010
1784,980,1010,1009
1785,981,982,1011
1786,981,1011,1010
1787,982,983,1012
1788,982,1012,1011
1789,983,984,1013
1790,983,1013,1012
1791,984,985,1014
1792,984,1014,1013
1793,985,986,1015
1794,985,1015,1014
1795,986,987,1016
1796,986,1016,1015
1797,987,988,1017
1798,987,1017,1016
1799,988,989,1018
1800,988,1018,1017
1801,989,990,1019
1802,989,1019,1018
1803,990,991,1020
1804,990,1020,1019
1805,991,1021,1020
1806,992,993,1022
1807,993,994,1023
1808,993,1023,1022
1809,994,995,1024
1810,994,1024,1023
1811,995,996,1025
1812,995,1025,1024
1813,996,997,1026
1814,996,1026,1025
1815,997,998,1027
1816,997,1027,1026
1817,998,999,1028
1818,998,1028,1027
1819,999,1000,1029
1820,999,1029,1028
1821,1000,1001,1030
1822,1000,1030,1029
1823,1001,1002,1031
1824,1001,1031,1030
1825,1002,1003,1032
1826,1002,1032,1031
1827,1003,1004,1033
1828,1003,1033,1032
1829,1004,1005,1034
1830,1004,1034,1033
1831,1005,1006,1035
1832,1005,1035,1034
1833,1006,1007,1036
1834,1006,1036,1035
1835,1007,1008,1037
1836,1007,1037,1036
1837,1008,1009,1038
1838,1008,1038,1037
1839,1009,1010,1039
1840,1009,1039,1038
1841,1010,1011,1040
1842,1010,1040,1039
1843,1011,1012,1041
1844,1011,1041,1040
1845,1012,1013,1042
1846,1012,1042,1041
1847,1013,1014,1043
1848,1013,1043,1042
1849,1014,1015,1044
1850,1014,1044,1043
1851,1015,1016,1045
1852,1015,1045,1044
1853,1016,1017,1046
1854,1016,1046,1045
1855,1017,1018,1047
1856,1017,1047,1046
1857,1018,1019,1048
1858,1018,1048,1047
1859,1019,1020,1049
1860,1019,1049,1048
1861,1020,1021,1050
1862,1020,1050,1049
1863,1021,1051,1050
1864,1022,1023,1053
1865,1023,1024,1054
1866,1023,1054,1053
1867,1024,1025,1055
1868,1024,1055,1054
1869,1025,1026,1056
1870,1025,1056,1055
1871,1026,1027,1057
1872,1026,1057,1056
1873,1027,1028,1058
1874,1027,1058,1057
1875,1028,1029,1059
1876,1028,1059,1058
1877,1029,1030,1060
1878,1029,1060,1059
1879,1030,1031,1061
1880,1030,1061,1060
1881,1031,1032,1062
1882,1031,1062,1061
1883,1032,1033,1063
1884,1032,1063,1062
1885,1033,1034,1064
1886,1033,1064,1063
1887,1034,1035,1065
1888,1034,1065,1064
1889,1035,1036,1066
1890,1035,1066,1065
1891,1036,1037,1067
1892,1036,1067,1066
1893,1037,1038,1068
1894,1037,1068,1067
1895,1038,1039,1069
1896,1038,1069,1068
1897,1039,1040,1070
1898,1039,1070,1069
1899,1040,1041,1071
1900,1040,1071,1070
1901,1041,1042,1072
1902,1041,1072,1071
1903,1042,1043,1073
1904,1042,1073,1072
1905,1047,1048,1074
1906,1048,1049,1075
1907,1048,1075,1074
1908,1049,1050,1076
1909,1049,1076,1075
1910,1050,1051,1077
1911,1050,1077,1076
1912,1051,1052,1078
1913,1051,1078,1077
1914,1052,1079,1078
1915,1053,1054,1081
1916,1053,1081,1080
1917,1054,1055,1082
1918,1054,1082,1081
1919,1055,1056,1083
1920,1055,1083,1082
1921,1056,1057,1084
1922,1056,1084,1083
1923,1057,1058,1085
1924,1057,1085,1084
1925,1058,1059,1086
1926,1058,1086,1085
1927,1059,1060,1087
1928,1059,1087,1086
1929,1060,1061,1088
1930,1060,1088,1087
1931,1061,1062,1089
1932,1061,1089,1088
1933,1062,1063,1090
1934,1062,1090,1089
1935,1063,1064,1091
1936,1063,1091,1090
1937,1064,1065,1092
1938,1064,1092,1091
1939,1065,1066,1093
1940,1065,1093,1092
1941,1066,1067,1094
1942,1066,1094,1093
1943,1067,1068,1095
1944,1067,1095,1094
1945,1068,1069,1096
1946,1068,1096,1095
1947,1069,1070,1097
1948,1069,1097,1096
1949,1070,1071,1098
1950,1070,1098,1097
1951,1071,1072,1099
1952,1071,1099,1098
1953,1072,1073,1100
1954,1072,1100,1099
1955,1073,1101,1100
1956,1075,1076,1102
1957,1076,1077,1103
1958,1076,1103,1102
1959,1077,1078,1104
1960,1077,1104,1103
1961,1078,1079,1105
1962,1078,1105,1104
1963,1079,1106,1105
1964,1080,1081,1107
1965,1081,1082,1108
1966,1081,1108,1107
1967,1082,1083,1109
1968,1082,1109,1108
1969,1083,1084,1110
1970,1083,1110,1109
1971,1084,1085,1111
1972,1084,1111,1110
1973,1085,1086,1112
1974,1085,1112,1111
1975,1086,1087,1113
1976,1086,1113,1112
1977,1087,1088,1114
1978,1087,1114,1113
1979,1088,1089,1115
1980,1088,1115,1114
1981,1089,1090,1116
1982,1089,1116,1115
1983,1090,1091,1117
1984,1090,1117,1116
1985,1091,1092,1118
1986,1091,1118,1117
1987,1092,1093,1119
1988,1092,1119,1118
1989,1093,1094,1120
1990,1093,1120,1119
1991,1094,1095,1121
1992,1094,1121,1120
1993,1095,1096,1122
1994,1095,1122,1121
1995,1096,1097,1123
1996,1096,1123,1122
1997,1097,1098,1124
1998,1097,1124,1123
1999,1098,1099,1125
2000,1098,1125,1124
2001,1099,1100,1126
2002,1099,1126,1125
2003,1100,1101,1127
2004,1100,1127,1126
2005,1101,1128,1127
2006,1102,1103,1134
2007,1102,1134,1133
2008,1103,1104,1135
2009,1103,1135,1134
2010,1104,1105,1136
2011,1104,1136,1135
2012,1105,1106,1137
2013,1105,1137,1136
2014,1107,1108,1138
2015,1108,1109,1139
2016,1108,1139,1138
2017,1109,1110,1140
2018,1109,1140,1139
2019,1110,1111,1141
2020,1110,1141,1140
2021,1111,1112,1142
2022,1111,1142,1141
2023,1114,1115,1143
2024,1115,1116,1144
2025,1115,1144,1143
2026,1116,1117,1145
2027,1116,1145,1144
2028,1117,1118,1146
2029,1117,1146,1145
2030,1118,1119,1147
2031,1118,1147,1146
2032,1119,1120,1148
2033,1119,1148,1147
2034,1120,1121,1149
2035,1120,1149,1148
2036,1121,1122,1150
2037,1121,1150,1149
2038,1122,1123,1151
2039,1122,1151,1150
2040,1123,1124,1152
2041,1123,1152,1151
2042,1124,1125,1153
2043,1124,1153,1152
2044,1125,1126,1154
2045,1125,1154,1153
2046,1126,1127,1155
2047,1126,1155,1154
2048,1127,1128,1156
2049,1127,1156,1155
2050,1128,1129,1157
2051,1128,1157,1156
2052,1129,1130,1158
2053,1129,1158,1157
2054,1130,1131,1159
2055,1130,1159,1158
2056,1131,1132,1160
2057,1131,1160,1159
2058,1132,1133,1161
2059,1132,1161,1160
2060,1133,1134,1162
2061,1133,1162,1161
2062,1134,1135,1163
2063,1134,1163,1162
2064,1135,1136,1164
2065,1135,1164,1163
2066,1136,1137,1165
2067,1136,1165,1164
2068,1137,1166,1165
2069,1138,1139,1169
2070,1138,1169,1168
2071,1139,1140,1170
2072,1139,1170,1169
2073,1140,1141,1171
2074,1140,1171,1170
2075,1141,1142,1172
2076,1141,1172,1171
2077,1142,1173,1172
2078,1144,1145,1175
2079,1145,1146,1176
2080,1145,1176,1175
2081,1146,1147,1177
2082,1146,1177,1176
2083,1147,1148,1178
2084,1147,1178,1177
2085,1148,1149,1179
2086,1148,1179,1178
2087,1149,1150,1180
2088,1149,1180,1179
2089,1150,1151,1181
2090,1150,1181,1180
2091,1151,1152,1182
2092,1151,1182,1181
2093,1152,1153,1183
2094,1152,1183,1182
2095,1153,1154,1184
2096,1153,1184,1183
2097,1154,1155,1185
2098,1154,1185,1184
2099,1155,1156,1186
2100,1155,1186,1185
2101,1156,1157,1187
2102,1156,1187,1186
2103,1157,1158,1188
2104,1157,1188,1187
2105,1158,1159,1189
2106,1158,1189,1188
2107,1159,1160,1190
2108,1159,1190,1189
2109,1160,1161,1191
2110,1160,1191,1190
2111,1161,1162,1192
2112,1161,1192,1191
2113,1162,1163,1193
2114,1162,1193,1192
2115,1163,1164,1194
2116,1163,1194,1193
2117,1164,1165,1195
2118,1164,1195,1194
2119,1165,1166,1196
2120,1165,1196,1195
2121,1166,1167,1197
2122,1166,1197,1196
2123,1167,1198,1197
2124,1168,1169,1200
2125,1168,1200,1199
2126,1169,1170,1201
2127,1169,1201,1200
2128,1170,1171,1202
2129,1170,1202,1201
2130,1171,1172,1203
2131,1171,1203,1202
2132,1172,1173,1204
2133,1172,1204,1203
2134,1173,1174,1205
2135,1173,1205,1204
2136,1174,1206,1205
2137,1175,1176,1208
2138,1175,1208,1207
2139,1176,1177,1209
2140,1176,1209,1208
2141,1177,1178,1210
2142,1177,1210,1209
2143,1178,1179,1211
2144,1178,1211,1210
2145,1179,1180,1212
2146,1179,1212,1211
2147,1180,1181,1213
2148,1180,1213,1212
2149,1181,1182,1214
2150,1181,1214,1213
2151,1182,1183,1215
2152,1182,1215,1214
2153,1183,1184,1216
2154,1183,1216,1215
2155,1184,1185,1217
2156,1184,1217,1216
2157,1185,1186,1218
2158,1185,1218,1217
2159,1186,1187,1219
2160,1186,1219,1218
2161,1187,1188,1220
2162,1187,1220,1219
2163,1188,1189,1221
2164,1188,1221,1220
2165,1189,1190,1222
2166,1189,1222,1221
2167,1190,1191,1223
2168,1190,1223,1222
2169,1191,1192,1224
2170,1191,1224,1223
2171,1192,1193,1225
2172,1192,1225,1224
2173,1193,1194,1226
2174,1193,1226,1225
2175,1194,1195,1227
2176,1194,1227,1226
2177,1195,1196,1228
2178,1195,1228,1227
2179,1196,1197,1229
2180,1196,1229,1228
2181,1197,1198,1230
2182,1197,1230,1229
2183,1199,1200,1232
2184,1199,1232,1231
2185,1200,1201,1233
2186,1200,1233,1232
2187,1201,1202,1234
2188,1201,1234,1233
2189,1202,1203,1235
2190,1202,1235,1234
2191,1203,1204,1236
2192,1203,1236,1235
2193,1204,1205,1237
2194,1204,1237,1236
2195,1205,1206,1238
2196,1205,1238,1237
2197,1206,1239,1238
2198,1207,1208,1241
2199,1207,1241,1240
2200,1208,1209,1242
2201,1208,1242,1241
2202,1209,1210,1243
2203,1209,1243,1242
2204,1210,1211,1244
2205,1210,1244,1243
2206,1211,1212,1245
2207,1211,1245,1244
2208,1212,1213,1246
2209,1212,1246,1245
2210,1213,1214,1247
2211,1213,1247,1246
2212,1214,1215,1248
2213,1214,1248,1247
2214,1215,1216,1249
2215,1215,1249,1248
2216,1216,1217,1250
2217,1216,1250,1249
2218,1217,1218,1251
2219,1217,1251,1250
2220,1218,1219,1252
2221,1218,1252,1251
2222,1219,1220,1253
2223,1219,1253,1252
2224,1220,1221,1254
2225,1220,1254,1253
2226,1221,1222,1255
2227,1221,1255,1254
2228,1222,1223,1256
2229,1222,1256,1255
2230,1223,1224,1257
2231,1223,1257,1256
2232,1224,1225,1258
2233,1224,1258,1257
2234,1225,1226,1259
2235,1225,1259,1258
2236,1226,1227,1260
2237,1226,1260,1259
2238,1227,1228,1261
2239,1227,1261,1260
2240,1228,1229,1262
2241,1228,1262,1261
2242,1229,1230,1263
2243,1229,1263,1262
2244,1231,1232,1264
2245,1232,1233,1265
2246,1232,1265,1264
2247,1233,1234,1266
2248,1233,1266,1265
2249,1234,1235,1267
2250,1234,1267,1266
2251,1235,1236,1268
2252,1235,1268,1267
2253,1236,1237,1269
2254,1236,1269,1268
2255,1237,1238,1270
2256,1237,1270,1269
2257,1238,1239,1271
2258,1238,1271,1270
2259,1239,1240,1272
2260,1239,1272,1271
2261,1240,1241,1273
2262,1240,1273,1272
2263,1241,1242,1274
2264,1241,1274,1273
2265,1242,1243,1275
2266,1242,1275,1274
2267,1243,1244,1276
2268,1243,1276,1275
2269,1244,1245,1277
2270,1244,1277,1276
2271,1245,1246,1278
2272,1245,1278,1277
2273,1246,1247,1279
2274,1246,1279,1278
2275,1247,1248,1280
2276,1247,1280,1279
2277,1248,1249,1281
2278,1248,1281,1280
2279,1249,1250,1282
2280,1249,1282,1281
2281,1250,1251,1283
2282,1250,1283,1282
2283,1251,1252,1284
2284,1251,1284,1283
2285,1252,1253,1285
2286,1252,1285,1284
2287,1253,1254,1286
2288,1253,1286,1285
2289,1254,1255,1287
2290,1254,1287,1286
2291,1255,1256,1288
2292,1255,1288,1287
2293,1256,1257,1289
2294,1256,1289,1288
2295,1257,1258,1290
2296,1257,1290,1289
2297,1258,1259,1291
2298,1258,1291,1290
2299,1259,1260,1292
2300,1259,1292,1291
2301,1260,1261,1293
2302,1260,1293,1292
2303,1261,1262,1294
2304,1261,1294,1293
2305,1262,1263,1295
2306,1262,1295,1294
2307,1263,1296,1295
2308,1264,1265,1297
2309,1265,1266,1298
2310,1265,1298,1297
2311,1266,1267,1299
2312,1266,1299,1298
2313,1267,1268,1300
2314,1267,1300,1299
2315,1268,1269,1301
2316,1268,1301,1300
2317,1269,1270,1302
2318,1269,1302,1301
2319,1270,1271,1303
2320,1270,1303,1302
2321,1271,1272,1304
2322,1271,1304,1303
2323,1272,1273,1305
2324,1272,1305,1304
2325,1273,1274,1306
2326,1273,1306,1305
2327,1274,1275,1307
2328,1274,1307,1306
2329,1275,1276,1308
2330,1275,1308,1307
2331,1276,1277,1309
2332,1276,1309,1308
2333,1277,1278,1310
2334,1277,1310,1309
2335,1278,1279,1311
2336,1278,1311,1310
2337,1279,1280,1312
2338,1279,1312,1311
2339,1280,1281,1313
2340,1280,1313,1312
2341,1281,1282,1314
2342,1281,1314,1313
2343,1282,1283,1315
2344,1282,1315,1314
2345,1283,1284,1316
2346,1283,1316,1315
2347,1284,1285,1317
2348,1284,1317,1316
2349,1285,1286,1318
2350,1285,1318,1317
2351,1286,1287,1319
2352,1286,1319,1318
2353,1287,1288,1320
2354,1287,1320,1319
2355,1288,1289,1321
2356,1288,1321,1320
2357,1289,1290,1322
2358,1289,1322,1321
2359,1290,1291,1323
2360,1290,1323,1322
2361,1291,1292,1324
2362,1291,1324,1323
2363,1292,1293,1325
2364,1292,1325,1324
2365,1293,1294,1326
2366,1293,1326,1325
2367,1294,1295,1327
2368,1294,1327,1326
2369,1295,1296,1328
2370,1295,1328,1327
2371,1296,1329,1328
2372,1297,1298,1331
2373,1298,1299,1332
2374,1298,1332,1331
2375,1299,1300,1333
2376,1299,1333,1332
2377,1300,1301,1334
2378,1300,1334,1333
2379,1301,1302,1335
2380,1301,1335,1334
2381,1302,1303,1336
2382,1302,1336,1335
2383,1303,1304,1337
2384,1303,1337,1336
2385,1304,1305,1338
2386,1304,1338,1337
2387,1305,1306,1339
2388,1305,1339,1338
2389,1306,1307,1340
2390,1306,1340,1339
2391,1307,1308,1341
2392,1307,1341,1340
2393,1308,1309,1342
2394,1308,1342,1341
2395,1309,1310,1343
2396,1309,1343,1342
2397,1310,1311,1344
2398,1310,1344,1343
2399,1311,1312,1345
2400,1311,1345,1344
2401,1312,1313,1346
2402,1312,1346,1345
2403,1313,1314,1347
2404,1313,1347,1346
2405,1314,1315,1348
2406,1314,1348,1347
2407,1315,1316,1349
2408,1315,1349,1348
2409,1316,1317,1350
2410,1316,1350,1349
2411,1317,1318,1351
2412,1317,1351,1350
2413,1318,1319,1352
2414,1318,1352,1351
2415,1319,1320,1353
2416,1319,1353,1352
2417,1320,1321,1354
2418,1320,1354,1353
2419,1321,1322,1355
2420,1321,1355,1354
2421,1322,1323,1356
2422,1322,1356,1355
2423,1323,1324,1357
2424,1323,1357,1356
2425,1324,1325,1358
2426,1324,1358,1357
2427,1325,1326,1359
2428,1325,1359,1358
2429,1326,1327,1360
2430,1326,1360,1359
2431,1327,1328,1361
2432,1327,1361,1360
2433,1328,1329,1362
2434,1328,1362,1361
2435,1329,1330,1363
2436,1329,1363,1362
2437,1330,1364,1363
2438,1333,1334,1365
2439,1334,1335,1366
2440,1334,1366,1365
2441,1335,1336,1367
2442,1335,1367,1366
2443,1336,1337,1368
2444,1336,1368,1367
2445,1337,1338,1369
2446,1337,1369,1368
2447,1338,1339,1370
2448,1338,1370,1369
2449,1339,1340,1371
2450,1339,1371,1370
2451,1340,1341,1372
2452,1340,1372,1371
2453,1341,1342,1373
2454,1341,1373,1372
2455,1342,1343,1374
2456,1342,1374,1373
2457,1343,1344,1375
2458,1343,1375,1374
2459,1344,1345,1376
2460,1344,1376,1375
2461,1345,1346,1377
2462,1345,1377,1376
2463,1346,1347,1378
2464,1346,1378,1377
2465,1347,1348,1379
2466,1347,1379,1378
2467,1348,1349,1380
2468,1348,1380,1379
2469,1349,1350,1381
2470,1349,1381,1380
2471,1350,1351,1382
2472,1350,1382,1381
2473,1351,1352,1383
2474,1351,1383,1382
2475,1352,1353,1384
2476,1352,1384,1383
2477,1353,1354,1385
2478,1353,1385,1384
2479,1354,1355,1386
2480,1354,1386,1385
2481,1355,1356,1387
2482,1355,1387,1386
2483,1356,1357,1388
2484,1356,1388,1387
2485,1357,1358,1389
2486,1357,1389,1388
2487,1358,1359,1390
2488,1358,1390,1389
2489,1359,1360,1391
2490,1359,1391,1390
2491,1360,1361,1392
2492,1360,1392,1391
2493,1361,1362,1393
2494,1361,1393,1392
2495,1362,1363,1394
2496,1362,1394,1393
2497,1363,1364,1395
2498,1363,1395,1394
2499,1364,1396,1395
2500,1367,1368,1398
2501,1368,1369,1399
2502,1368,1399,1398
2503,1369,1370,1400
2504,1369,1400,1399
2505,1370,1371,1401
2506,1370,1401,1400
2507,1371,1372,1402
2508,1371,1402,1401
2509,1372,1373,1403
2510,1372,1403,1402
2511,1373,1374,1404
2512,1373,1404,1403
2513,1374,1375,1405
2514,1374,1405,1404
2515,1375,1376,1406
2516,1375,1406,1405
2517,1376,1377,1407
2518,1376,1407,1406
2519,1377,1378,1408
2520,1377,1408,1407
2521,1378,1379,1409
2522,1378,1409,1408
2523,1379,1380,1410
2524,1379,1410,1409
2525,1380,1381,1411
2526,1380,1411,1410
2527,1381,1382,1412
2528,1381,1412,1411
2529,1382,1383,1413
2530,1382,1413,1412
2531,1383,1384,1414
2532,1383,1414,1413
2533,1384,1385,1415
2534,1384,1415,1414
2535,1385,1386,1416
2536,1385,1416,1415
2537,1386,1387,1417
2538,1386,1417,1416
2539,1387,1388,1418
2540,1387,1418,1417
2541,1388,1389,1419
2542,1388,1419,1418
2543,1391,1392,1420
2544,1392,1393,1421
2545,1392,1421,1420
2546,1393,1394,1422
2547,1393,1422,1421
2548,1394,1395,1423
2549,1394,1423,1422
2550,1395,1396,1424
2551,1395,1424,1423
2552,1396,1397,1425
2553,1396,1425,1424
2554,1397,1426,1425
2555,1398,1399,1427
2556,1399,1400,1428
2557,1399,1428,1427
2558,1400,1401,1429
2559,1400,1429,1428
2560,1401,1402,1430
2561,1401,1430,1429
2562,1402,1403,1431
2563,1402,1431,1430
2564,1403,1404,1432
2565,1403,1432,1431
2566,1404,1405,1433
2567,1404,1433,1432
2568,1405,1406,1434
2569,1405,1434,1433
2570,1406,1407,1435
2571,1406,1435,1434
2572,1407,1408,1436
2573,1407,1436,1435
2574,1408,1409,1437
2575,1408,1437,1436
2576,1409,1410,1438
2577,1409,1438,1437
2578,1410,1411,1439
2579,1410,1439,1438
2580,1411,1412,1440
2581,1411,1440,1439
2582,1412,1413,1441
2583,1412,1441,1440
2584,1413,1414,1442
2585,1413,1442,1441
2586,1414,1415,1443
2587,1414,1443,1442
2588,1415,1416,1444
2589,1415,1444,1443
2590,1416,1417,1445
2591,1416,1445,1444
2592,1417,1418,1446
2593,1417,1446,1445
2594,1418,1419,1447
2595,1418,1447,1446
2596,1420,1421,1450
2597,1420,1450,1449
2598,1421,1422,1451
2599,1421,1451,1450
2600,1422,1423,1452
2601,1422,1452,1451
2602,1423,1424,1453
2603,1423,1453,1452
2604,1424,1425,1454
2605,1424,1454,1453
2606,1425,1426,1455
2607,1425,1455,1454
2608,1426,1456,1455
2609,1428,1429,1457
2610,1429,1430,1458
2611,1429,1458,1457
2612,1430,1431,1459
2613,1430,1459,1458
2614,1431,1432,1460
2615,1431,1460,1459
2616,1432,1433,1461
2617,1432,1461,1460
2618,1433,1434,1462
2619,1433,1462,1461
2620,1434,1435,1463
2621,1434,1463,1462
2622,1435,1436,1464
2623,1435,1464,1463
2624,1436,1437,1465
2625,1436,1465,1464
2626,1437,1438,1466
2627,1437,1466,1465
2628,1438,1439,1467
2629,1438,1467,1466
2630,1439,1440,1468
2631,1439,1468,1467
2632,1440,1441,1469
2633,1440,1469,1468
2634,1441,1442,1470
2635,1441,1470,1469
2636,1442,1443,1471
2637,1442,1471,1470
2638,1443,1444,1472
2639,1443,1472,1471
2640,1444,1445,1473
2641,1444,1473,1472
2642,1445,1446,1474
2643,1445,1474,1473
2644,1446,1447,1475
2645,1446,1475,1474
2646,1447,1476,1475
2647,1448,1449,1478
2648,1448,1478,1477
2649,1449,1450,1479
2650,1449,1479,1478
2651,1450,1451,1480
2652,1450,1480,1479
2653,1451,1452,1481
2654,1451,1481,1480
2655,1452,1453,1482
2656,1452,1482,1481
2657,1453,1454,1483
2658,1453,1483,1482
2659,1454,1455,1484
2660,1454,1484,1483
2661,1455,1456,1485
2662,1455,1485,1484
2663,1457,1458,1488
2664,1457,1488,1487
2665,1458,1459,1489
2666,1458,1489,1488
2667,1459,1460,1490
2668,1459,1490,1489
2669,1460,1461,1491
2670,1460,1491,1490
2671,1461,1462,1492
2672,1461,1492,1491
2673,1462,1463,1493
2674,1462,1493,1492
2675,1463,1464,1494
2676,1463,1494,1493
2677,1464,1465,1495
2678,1464,1495,1494
2679,1465,1466,1496
2680,1465,1496,1495
2681,1466,1467,1497
2682,1466,1497,1496
2683,1467,1468,1498
2684,1467,1498,1497
2685,1468,1469,1499
2686,1468,1499,1498
2687,1469,1470,1500
2688,1469,1500,1499
2689,1470,1471,1501
2690,1470,1501,1500
2691,1471,1472,1502
2692,1471,1502,1501
2693,1472,1473,1503
2694,1472,1503,1502
2695,1473,1474,1504
2696,1473,1504,1503
2697,1474,1475,1505
2698,1474,1505,1504
2699,1475,1476,1506
2700,1475,1506,1505
2701,1476,1477,1507
2702,1476,1507,1506
2703,1477,1478,1508
2704,1477,1508,1507
2705,1478,1479,1509
2706,1478,1509,1508
2707,1479,1480,1510
2708,1479,1510,1509
2709,1480,1481,1511
2710,1480,1511,1510
2711,1481,1482,1512
2712,1481,1512,1511
2713,1482,1483,1513
2714,1482,1513,1512
2715,1483,1484,1514
2716,1483,1514,1513
2717,1484,1485,1515
2718,1484,1515,1514
2719,1485,1516,1515
2720,1486,1487,1517
2721,1487,1488,1518
2722,1487,1518,1517
2723,1488,1489,1519
2724,1488,1519,1518
2725,1489,1490,1520
2726,1489,1520,1519
2727,1490,1491,1521
2728,1490,1521,1520
2729,1491,1492,1522
2730,1491,1522,1521
2731,1492,1493,1523
2732,1492,1523,1522
2733,1493,1494,1524
2734,1493,1524,1523
2735,1494,1495,1525
2736,1494,1525,1524
2737,1495,1496,1526
2738,1495,1526,1525
2739,1496,1497,1527
2740,1496,1527,1526
2741,1497,1498,1528
2742,1497,1528,1527
2743,1498,1499,1529
2744,1498,1529,1528
2745,1499,1500,1530
2746,1499,1530,1529
2747,1500,1501,1531
2748,1500,1531,1530
2749,1501,1502,1532
2750,1501,1532,1531
2751,1502,1503,1533
2752,1502,1533,1532
2753,1503,1504,1534
2754,1503,1534,1533
2755,1504,1505,1535
2756,1504,1535,1534
2757,1505,1506,1536
2758,1505,1536,1535
2759,1506,1507,1537
2760,1506,1537,1536
2761,1507,1508,1538
2762,1507,1538,1537
2763,1508,1509,1539
2764,1508,1539,1538
2765,1509,1510,1540
2766,1509,1540,1539
2767,1510,1511,1541
2768,1510,1541,1540
2769,1511,1512,1542
2770,1511,1542,1541
2771,1512,1513,1543
2772,1512,1543,1542
2773,1513,1514,1544
2774,1513,1544,1543
2775,1514,1515,1545
2776,1514,1545,1544
2777,1515,1516,1546
2778,1515,1546,1545
2779,1516,1547,1546
2780,1517,1518,1549
2781,1518,1519,1550
2782,1518,1550,1549
2783,1519,1520,1551
2784,1519,1551,1550
2785,1520,1521,1552
2786,1520,1552,1551
2787,1521,1522,1553
2788,1521,1553,1552
2789,1522,1523,1554
2790,1522,1554,1553
2791,1523,1524,1555
2792,1523,1555,1554
2793,1524,1525,1556
2794,1524,1556,1555
2795,1525,1526,1557
2796,1525,1557,1556
2797,1526,1527,1558
2798,1526,1558,1557
2799,1527,1528,1559
2800,1527,1559,1558
2801,1528,1529,1560
2802,1528,1560,1559
2803,1529,1530,1561
2804,1529,1561,1560
2805,1530,1531,1562
2806,1530,1562,1561
2807,1531,1532,1563
2808,1531,1563,1562
2809,1532,1533,1564
2810,1532,1564,1563
2811,1533,1534,1565
2812,1533,1565,1564
2813,1534,1535,1566
2814,1534,1566,1565
2815,1535,1536,1567
2816,1535,1567,1566
2817,1536,1537,1568
2818,1536,1568,1567
2819,1537,1538,1569
2820,1537,1569,1568
2821,1538,1539,1570
2822,1538,1570,1569
2823,1539,1540,1571
2824,1539,1571,1570
2825,1540,1541,1572
2826,1540,1572,1571
2827,1541,1542,1573
2828,1541,1573,1572
2829,1542,1543,1574
2830,1542,1574,1573
2831,1543,1544,1575
2832,1543,1575,1574
2833,1544,1545,1576
2834,1544,1576,1575
2835,1545,1546,1577
2836,1545,1577,1576
2837,1546,1547,1578
2838,1546,1578,1577
2839,1547,1548,1579
2840,1547,1579,1578
2841,1548,1580,1579
2842,1549,1550,1582
2843,1549,1582,1581
2844,1550,1551,1583
2845,1550,1583,1582
2846,1551,1552,1584
2847,1551,1584,1583
2848,1552,1553,1585
2849,1552,1585,1584
2850,1553,1554,1586
2851,1553,1586,1585
2852,1554,1555,1587
2853,1554,1587,1586
2854,1555,1556,1588
2855,1555,1588,1587
2856,1556,1557,1589
2857,1556,1589,1588
2858,1557,1558,1590
2859,1557,1590,1589
2860,1558,1559,1591
2861,1558,1591,1590
2862,1559,1560,1592
2863,1559,1592,1591
2864,1560,1561,1593
2865,1560,1593,1592
2866,1561,1562,1594
2867,1561,1594,1593
2868,1562,1563,1595
2869,1562,1595,1594
2870,1563,1564,1596
2871,1563,1596,1595
2872,1564,1565,1597
2873,1564,1597,1596
2874,1565,1566,1598
2875,1565,1598,1597
2876,1566,1567,1599
2877,1566,1599,1598
2878,1567,1568,1600
2879,1567,1600,1599
2880,1568,1569,1601
2881,1568,1601,1600
2882,1569,1570,1602
2883,1569,1602,1601
2884,1570,1571,1603
2885,1570,1603,1602
2886,1571,1572,1604
2887,1571,1604,1603
2888,1572,1573,1605
2889,1572,1605,1604
2890,1573,1574,1606
2891,1573,1606,1605
2892,1574,1575,1607
2893,1574,1607,1606
2894,1575,1576,1608
2895,1575,1608,1607
2896,1576,1577,1609
2897,1576,1609,1608
2898,1577,1578,1610
2899,1577,1610,1609
2900,1578,1579,1611
2901,1578,1611,1610
2902,1579,1580,1612
2903,1579,1612,1611
2904,1580,1613,1612
2905,1582,1583,1614
2906,1583,1584,1615
2907,1583,1615,1614
2908,1584,1585,1616
2909,1584,1616,1615
2910,1585,1586,1617
2911,1585,1617,1616
2912,1586,1587,1618
2913,1586,1618,1617
2914,1587,1588,1619
2915,1587,1619,1618
2916,1588,1589,1620
2917,1588,1620,1619
2918,1589,1590,1621
2919,1589,1621,1620
2920,1590,1591,1622
2921,1590,1622,1621
2922,1591,1592,1623
2923,1591,1623,1622
2924,1592,1593,1624
2925,1592,1624,1623
2926,1593,1594,1625
2927,1593,1625,1624
2928,1594,1595,1626
2929,1594,1626,1625
2930,1595,1596,1627
2931,1595,1627,1626
2932,1596,1597,1628
2933,1596,1628,1627
2934,1597,1598,1629
2935,1597,1629,1628
2936,1598,1599,1630
2937,1598,1630,1629
2938,1599,1600,1631
2939,1599,1631,1630
2940,1600,1601,1632
2941,1600,1632,1631
2942,1601,1602,1633
2943,1601,1633,1632
2944,1602,1603,1634
2945,1602,1634,1633
2946,1603,1604,1635
2947,1603,1635,1634
2948,1604,1605,1636
2949,1604,1636,1635
2950,1605,1606,1637
2951,1605,1637,1636
2952,1606,1607,1638
2953,1606,1638,1637
2954,1607,1608,1639
2955,1607,1639,1638
2956,1608,1609,1640
2957,1608,1640,1639
2958,1609,1610,1641
2959,1609,1641,1640
2960,1610,1611,1642
2961,1610,1642,1641
2962,1611,1612,1643
2963,1611,1643,1642
2964,1612,1613,1644
2965,1612,1644,1643
2966,1613,1645,1644
2967,1614,1615,1646
2968,1615,1616,1647
2969,1615,1647,1646
2970,1616,1617,1648
2971,1616,1648,1647
2972,1617,1618,1649
2973,1617,1649,1648
2974,1618,1619,1650
2975,1618,1650,1649
2976,1619,1620,1651
2977,1619,1651,1650
2978,1620,1621,1652
2979,1620,1652,1651
2980,1621,1622,1653
2981,1621,1653,1652
2982,1622,1623,1654
2983,1622,1654,1653
2984,1623,1624,1655
2985,1623,1655,1654
2986,1624,1625,1656
2987,1624,1656,1655
2988,1625,1626,1657
2989,1625,1657,1656
2990,1626,1627,1658
2991,1626,1658,1657
2992,1627,1628,1659
2993,1627,1659,1658
2994,1628,1629,1660
2995,1628,1660,1659
2996,1629,1630,1661
2997,1629,1661,1660
2998,1630,1631,1662
2999,1630,1662,1661
3000,1631,1632,1663
3001,1631,1663,1662
3002,1632,1633,1664
3003,1632,1664,1663
3004,1633,1634,1665
3005,1633,1665,1664
3006,1634,1635,1666
3007,1634,1666,1665
3008,1635,1636,1667
3009,1635,1667,1666
3010,1636,1637,1668
3011,1636,1668,1667
3012,1637,1638,1669
3013,1637,1669,1668
3014,1638,1639,1670
3015,1638,1670,1669
3016,1639,1640,1671
3017,1639,1671,1670
3018,1640,1641,1672
3019,1640,1672,1671
3020,1641,1642,1673
3021,1641,1673,1672
3022,1642,1643,1674
3023,1642,1674,1673
3024,1643,1644,1675
3025,1643,1675,1674
3026,1644,1645,1676
3027,1644,1676,1675
3028,1645,1677,1676
3029,1646,1647,1679
3030,1647,1648,1680
3031,1647,1680,1679
3032,1648,1649,1681
3033,1648,1681,1680
3034,1649,1650,1682
3035,1649,1682,1681
3036,1650,1651,1683
3037,1650,1683,1682
3038,1651,1652,1684
3039,1651,1684,1683
3040,1652,1653,1685
3041,1652,1685,1684
3042,1653,1654,1686
3043,1653,1686,1685
3044,1654,1655,1687
3045,1654,1687,1686
3046,1655,1656,1688
3047,1655,1688,1687
3048,1656,1657,1689
3049,1656,1689,1688
3050,1657,1658,1690
3051,1657,1690,1689
3052,1658,1659,1691
3053,1658,1691,1690
3054,1659,1660,1692
3055,1659,1692,1691
3056,1660,1661,1693
3057,1660,1693,1692
3058,1661,1662,1694
3059,1661,1694,1693
3060,1662,1663,1695
3061,1662,1695,1694
3062,1663,1664,1696
3063,1663,1696,1695
3064,1664,1665,1697
3065,1664,1697,1696
3066,1665,1666,1698
3067,1665,1698,1697
3068,1666,1667,1699
3069,1666,1699,1698
3070,1667,1668,1700
3071,1667,1700,1699
3072,1668,1669,1701
3073,1668,1701,1700
3074,1669,1670,1702
3075,1669,1702,1701
3076,1670,1671,1703
3077,1670,1703,1702
3078,1671,1672,1704
3079,1671,1704,1703
3080,1672,1673,1705
3081,1672,1705,1704
3082,1673,1674,1706
3083,1673,1706,1705
3084,1674,1675,1707
3085,1674,1707,1706
3086,1675,1676,1708
3087,1675,1708,1707
3088,1676,1677,1709
3089,1676,1709,1708
3090,1677,1678,1710
3091,1677,1710,1709
3092,1678,1711,1710
3093,1679,1680,1713
3094,1679,1713,1712
3095,1680,1681,1714
3096,1680,1714,1713
3097,1681,1682,1715
3098,1681,1715,1714
3099,1682,1683,1716
3100,1682,1716,1715
3101,1683,1684,1717
3102,1683,1717,1716
3103,1684,1685,1718
3104,1684,1718,1717
3105,1685,1686,1719
3106,1685,1719,1718
3107,1686,1687,1720
3108,1686,1720,1719
3109,1687,1688,1721
3110,1687,1721,1720
3111,1688,1689,1722
3112,1688,1722,1721
3113,1689,1690,1723
3114,1689,1723,1722
3115,1690,1691,1724
3116,1690,1724,1723
3117,1691,1692,1725
3118,1691,1725,1724
3119,1692,1693,1726
3120,1692,1726,1725
3121,1693,1694,1727
3122,1693,1727,1726
3123,1694,1695,1728
3124,1694,1728,1727
3125,1695,1696,1729
3126,1695,1729,1728
3127,1696,1697,1730
3128,1696,1730,1729
3129,1697,1698,1731
3130,1697,1731,1730
3131,1698,1699,1732
3132,1698,1732,1731
3133,1699,1700,1733
3134,1699,1733,1732
3135,1700,1701,1734
3136,1700,1734,1733
3137,1701,1702,1735
3138,1701,1735,1734
3139,1702,1703,1736
3140,1702,1736,1735
3141,1703,1704,1737
3142,1703,1737,1736
3143,1704,1705,1738
3144,1704,1738,1737
3145,1705,1706,1739
3146,1705,1739,1738
3147,1706,1707,1740
3148,1706,1740,1739
3149,1707,1708,1741
3150,1707,1741,1740
3151,1708,1709,1742
3152,1708,1742,1741
3153,1709,1710,1743
3154,1709,1743,1742
3155,1710,1711,1744
3156,1710,1744,1743
3157,1711,1745,1744
3158,1712,1713,1747
3159,1712,1747,1746
3160,1713,1714,1748
3161,1713,1748,1747
3162,1714,1715,1749
3163,1714,1749,1748
3164,1715,1716,1750
3165,1715,1750,1749
3166,1716,1717,1751
3167,1716,1751,1750
3168,1717,1718,1752
3169,1717,1752,1751
3170,1718,1719,1753
3171,1718,1753,1752
3172,1719,1720,1754
3173,1719,1754,1753
3174,1720,1721,1755
3175,1720,1755,1754
3176,1721,1722,1756
3177,1721,1756,1755
3178,1722,1723,1757
3179,1722,1757,1756
3180,1723,1724,1758
3181,1723,1758,1757
3182,1724,1725,1759
3183,1724,1759,1758
3184,1725,1726,1760
3185,1725,1760,1759
3186,1726,1727,1761
3187,1726,1761,1760
3188,1727,1728,1762
3189,1727,1762,1761
3190,1728,1729,1763
3191,1728,1763,1762
3192,1729,1730,1764
3193,1729,1764,1763
3194,1730,1731,1765
3195,1730,1765,1764
3196,1731,1732,1766
3197,1731,1766,1765
3198,1732,1733,1767
3199,1732,1767,1766
3200,1733,1734,1768
3201,1733,1768,1767
3202,1734,1735,1769
3203,1734,1769,1768
3204,1735,1736,1770
3205,1735,1770,1769
3206,1736,1737,1771
3207,1736,1771,1770
3208,1737,1738,1772
3209,1737,1772,1771
3210,1738,1739,1773
3211,1738,1773,1772
3212,1739,1740,1774
3213,1739,1774,1773
3214,1740,1741,1775
3215,1740,1775,1774
3216,1741,1742,1776
3217,1741,1776,1775
3218,1742,1743,1777
3219,1742,1777,1776
3220,1743,1744,1778
3221,1743,1778,1777
3222,1744,1745,1779
3223,1744,1779,1778
3224,1745,1780,1779
3225,1746,1747,1782
3226,1747,1748,1783
3227,1747,1783,1782
3228,1748,1749,1784
3229,1748,1784,1783
3230,1749,1750,1785
3231,1749,1785,1784
3232,1750,1751,1786
3233,1750,1786,1785
3234,1751,1752,1787
3235,1751,1787,1786
3236,1752,1753,1788
3237,1752,1788,1787
3238,1753,1754,1789
3239,1753,1789,1788
3240,1754,1755,1790
3241,1754,1790,1789
3242,1755,1756,1791
3243,1755,1791,1790
3244,1756,1757,1792
3245,1756,1792,1791
3246,1757,1758,1793
3247,1757,1793,1792
3248,1758,1759,1794
3249,1758,1794,1793
3250,1759,1760,1795
3251,1759,1795,1794
3252,1760,1761,1796
3253,1760,1796,1795
3254,1761,1762,1797
3255,1761,1797,1796
3256,1762,1763,1798
3257,1762,1798,1797
3258,1763,1764,1799
3259,1763,1799,1798
3260,1764,1765,1800
3261,1764,1800,1799
3262,1765,1766,1801
3263,1765,1801,1800
3264,1766,1767,1802
3265,1766,1802,1801
3266,1767,1768,1803
3267,1767,1803,1802
3268,1768,1769,1804
3269,1768,1804,1803
3270,1769,1770,1805
3271,1769,1805,1804
3272,1770,1771,1806
3273,1770,1806,1805
3274,1771,1772,1807
3275,1771,1807,1806
3276,1772,1773,1808
3277,1772,1808,1807
3278,1773,1774,1809
3279,1773,1809,1808
3280,1774,1775,1810
3281,1774,1810,1809
3282,1775,1776,1811
3283,1775,1811,1810
3284,1776,1777,1812
3285,1776,1812,1811
3286,1777,1778,1813
3287,1777,1813,1812
3288,1778,1779,1814
3289,1778,1814,1813
3290,1779,1780,1815
3291,1779,1815,1814
3292,1780,1781,1816
3293,1780,1816,1815
3294,1781,1817,1816
3295,1782,1783,1825
3296,1783,1784,1826
3297,1783,1826,1825
3298,1784,1785,1827
3299,1784,1827,1826
3300,1785,1786,1828
3301,1785,1828,1827
3302,1786,1787,1829
3303,1786,1829,1828
3304,1787,1788,1830
3305,1787,1830,1829
3306,1788,1789,1831
3307,1788,1831,1830
3308,1789,1790,1832
3309,1789,1832,1831
3310,1790,1791,1833
3311,1790,1833,1832
3312,1791,1792,1834
3313,1791,1834,1833
3314,1792,1793,1835
3315,1792,1835,1834
3316,1793,1794,1836
3317,1793,1836,1835
3318,1794,1795,1837
3319,1794,1837,1836
3320,1795,1796,1838
3321,1795,1838,1837
3322,1796,1797,1839
3323,1796,1839,1838
3324,1797,1798,1840
3325,1797,1840,1839
3326,1798,1799,1841
3327,1798,1841,1840
3328,1799,1800,1842
3329,1799,1842,1841
3330,1800,1801,1843
3331,1800,1843,1842
3332,1801,1802,1844
3333,1801,1844,1843
3334,1802,1803,1845
3335,1802,1845,1844
3336,1803,1804,1846
3337,1803,1846,1845
3338,1804,1805,1847
3339,1804,1847,1846
3340,1805,1806,1848
3341,1805,1848,1847
3342,1806,1807,1849
3343,1806,1849,1848
3344,1807,1808,1850
3345,1807,1850,1849
3346,1808,1809,1851
3347,1808,1851,1850
3348,1809,1810,1852
3349,1809,1852,1851
3350,1810,1811,1853
3351,1810,1853,1852
3352,1811,1812,1854
3353,1811,1854,1853
3354,1812,1813,1855
3355,1812,1855,1854
3356,1813,1814,1856
3357,1813,1856,1855
3358,1814,1815,1857
3359,1814,1857,1856
3360,1815,1816,1858
3361,1815,1858,1857
3362,1816,1817,1859
3363,1816,1859,1858
3364,1817,1818,1860
3365,1817,1860,1859
3366,1818,1819,1861
3367,1818,1861,1860
3368,1819,1820,1862
3369,1819,1862,1861
3370,1820,1821,1863
3371,1820,1863,1862
3372,1821,1822,1864
3373,1821,1864,1863
3374,1822,1823,1865
3375,1822,1865,1864
3376,1823,1824,1866
3377,1823,1866,1865
3378,1824,1867,1866
3379,1827,1828,1868
3380,1828,1829,1869
3381,1828,1869,1868
3382,1829,1830,1870
3383,1829,1870,1869
3384,1830,1831,1871
3385,1830,1871,1870
3386,1831,1832,1872
3387,1831,1872,1871
3388,1832,1833,1873
3389,1832,1873,1872
3390,1833,1834,1874
3391,1833,1874,1873
3392,1834,1835,1875
3393,1834,1875,1874
3394,1835,1836,1876
3395,1835,1876,1875
3396,1836,1837,1877
3397,1836,1877,1876
3398,1837,1838,1878
3399,1837,1878,1877
3400,1838,1839,1879
3401,1838,1879,1878
3402,1839,1840,1880
3403,1839,1880,1879
3404,1840,1841,1881
3405,1840,1881,1880
3406,1841,1842,1882
3407,1841,1882,1881
3408,1842,1843,1883
3409,1842,1883,1882
3410,1843,1844,1884
3411,1843,1884,1883
3412,1844,1845,1885
3413,1844,1885,1884
3414,1845,1846,1886
3415,1845,1886,1885
3416,1846,1847,1887
3417,1846,1887,1886
3418,1847,1848,1888
3419,1847,1888,1887
3420,1848,1849,1889
3421,1848,1889,1888
3422,1849,1850,1890
3423,1849,1890,1889
3424,1850,1851,1891
3425,1850,1891,1890
3426,1851,1852,1892
3427,1851,1892,1891
3428,1852,1853,1893
3429,1852,1893,1892
3430,1853,1854,1894
3431,1853,1894,1893
3432,1854,1855,1895
3433,1854,1895,1894
3434,1855,1856,1896
3435,1855,1896,1895
3436,1856,1857,1897
3437,1856,1897,1896
3438,1857,1858,1898
3439,1857,1898,1897
3440,1858,1859,1899
3441,1858,1899,1898
3442,1859,1860,1900
3443,1859,1900,1899
3444,1860,1861,1901
3445,1860,1901,1900
3446,1861,1862,1902
3447,1861,1902,1901
3448,1862,1863,1903
3449,1862,1903,1902
3450,1863,1864,1904
3451,1863,1904,1903
3452,1864,1865,1905
3453,1864,1905,1904
3454,1865,1866,1906
3455,1865,1906,1905
3456,1866,1867,1907
3457,1866,1907,1906
3458,1867,1908,1907
3459,1868,1869,1910
3460,1869,1870,1911
3461,1869,1911,1910
3462,1870,1871,1912
3463,1870,1912,1911
3464,1871,1872,1913
3465,1871,1913,1912
3466,1872,1873,1914
3467,1872,1914,1913
3468,1873,1874,1915
3469,1873,1915,1914
3470,1874,1875,1916
3471,1874,1916,1915
3472,1875,1876,1917
3473,1875,1917,1916
3474,1876,1877,1918
3475,1876,1918,1917
3476,1877,1878,1919
3477,1877,1919,1918
3478,1878,1879,1920
3479,1878,1920,1919
3480,1879,1880,1921
3481,1879,1921,1920
3482,1880,1881,1922
3483,1880,1922,1921
3484,1881,1882,1923
3485,1881,1923,1922
3486,1882,1883,1924
3487,1882,1924,1923
3488,1883,1884,1925
3489,1883,1925,1924
3490,1884,1885,1926
3491,1884,1926,1925
3492,1885,1886,1927
3493,1885,1927,1926
3494,1886,1887,1928
3495,1886,1928,1927
3496,1887,1888,1929
3497,1887,1929,1928
3498,1888,1889,1930
3499,1888,1930,1929
3500,1889,1890,1931
3501,1889,1931,1930
3502,1890,1891,1932
3503,1890,1932,1931
3504,1891,1892,1933
3505,1891,1933,1932
3506,1892,1893,1934
3507,1892,1934,1933
3508,1893,1894,1935
3509,1893,1935,1934
3510,1894,1895,1936
3511,1894,1936,1935
3512,1895,1896,1937
3513,1895,1937,1936
3514,1896,1897,1938
3515,1896,1938,1937
3516,1897,1898,1939
3517,1897,1939,1938
3518,1898,1899,1940
3519,1898,1940,1939
3520,1899,1900,1941
3521,1899,1941,1940
3522,1900,1901,1942
3523,1900,1942,1941
3524,1901,1902,1943
3525,1901,1943,1942
3526,1902,1903,1944
3527,1902,1944,1943
3528,1903,1904,1945
3529,1903,1945,1944
3530,1904,1905,1946
3531,1904,1946,1945
3532,1905,1906,1947
3533,1905,1947,1946
3534,1906,1907,1948
3535,1906,1948,1947
3536,1907,1908,1949
3537,1907,1949,1948
3538,1908,1909,1950
3539,1908,1950,1949
3540,1909,1951,1950
3541,1910,1911,1952
3542,1911,1912,1953
3543,1911,1953,1952
3544,1912,1913,1954
3545,1912,1954,1953
3546,1913,1914,1955
3547,1913,1955,1954
3548,1914,1915,1956
3549,1914,1956,1955
3550,1915,1916,1957
3551,1915,1957,1956
3552,1916,1917,1958
3553,1916,1958,1957
3554,1917,1918,1959
3555,1917,1959,1958
3556,1918,1919,1960
3557,1918,1960,1959
3558,1919,1920,1961
3559,1919,1961,1960
3560,1920,1921,1962
3561,1920,1962,1961
3562,1921,1922,1963
3563,1921,1963,1962
3564,1922,1923,1964
3565,1922,1964,1963
3566,1923,1924,1965
3567,1923,1965,1964
3568,1924,1925,1966
3569,1924,1966,1965
3570,1925,1926,1967
3571,1925,1967,1966
3572,1926,1927,1968
3573,1926,1968,1967
3574,1927,1928,1969
3575,1927,1969,1968
3576,1928,1929,1970
3577,1928,1970,1969
3578,1929,1930,1971
3579,1929,1971,1970
3580,1930,1931,1972
3581,1930,1972,1971
3582,1931,1932,1973
3583,1931,1973,1972
3584,1932,1933,1974
3585,1932,1974,1973
3586,1933,1934,1975
3587,1933,1975,1974
3588,1934,1935,1976
3589,1934,1976,1975
3590,1935,1936,1977
3591,1935,1977,1976
3592,1936,1937,1978
3593,1936,1978,1977
3594,1937,1938,1979
3595,1937,1979,1978
3596,1938,1939,1980
3597,1938,1980,1979
3598,1939,1940,1981
3599,1939,1981,1980
3600,1940,1941,1982
3601,1940,1982,1981
3602,1941,1942,1983
3603,1941,1983,1982
3604,1942,1943,1984
3605,1942,1984,1983
3606,1943,1944,1985
3607,1943,1985,1984
3608,1944,1945,1986
3609,1944,1986,1985
3610,1945,1946,1987
3611,1945,1987,1986
3612,1946,1947,1988
3613,1946,1988,1987
3614,1947,1948,1989
3615,1947,1989,1988
3616,1948,1949,1990
3617,1948,1990,1989
3618,1949,1950,1991
3619,1949,1991,1990
3620,1950,1951,1992
3621,1950,1992,1991
3622,1951,1993,1992
3623,1954,1955,1994
3624,1955,1956,1995
3625,1955,1995,1994
3626,1956,1957,1996
3627,1956,1996,1995
3628,1957,1958,1997
3629,1957,1997,1996
3630,1958,1959,1998
3631,1958,1998,1997
3632,1959,1960,1999
3633,1959,1999,1998
3634,1960,1961,2000
3635,1960,2000,1999
3636,1961,1962,2001
3637,1961,2001,2000
3638,1962,1963,2002
3639,1962,2002,2001
3640,1963,1964,2003
3641,1963,2003,2002
3642,1964,1965,2004
3643,1964,2004,2003
3644,1965,1966,2005
3645,1965,2005,2004
3646,1966,1967,2006
3647,1966,2006,2005
3648,1967,1968,2007
3649,1967,2007,2006
3650,1968,1969,2008
3651,1968,2008,2007
3652,1969,1970,2009
3653,1969,2009,2008
3654,1970,1971,2010
3655,1970,2010,2009
3656,1971,1972,2011
3657,1971,2011,2010
3658,1972,1973,2012
3659,1972,2012,2011
3660,1973,1974,2013
3661,1973,2013,2012
3662,1974,1975,2014
3663,1974,2014,2013
3664,1975,1976,2015
3665,1975,2015,2014
3666,1976,1977,2016
3667,1976,2016,2015
3668,1977,1978,2017
3669,1977,2017,2016
3670,1978,1979,2018
3671,1978,2018,2017
3672,1979,1980,2019
3673,1979,2019,2018
3674,1980,1981,2020
3675,1980,2020,2019
3676,1981,1982,2021
3677,1981,2021,2020
3678,1982,1983,2022
3679,1982,2022,2021
3680,1983,1984,2023
3681,1983,2023,2022
3682,1984,1985,2024
3683,1984,2024,2023
3684,1988,1989,2025
3685,1989,1990,2026
3686,1989,2026,2025
3687,1990,1991,2027
3688,1990,2027,2026
3689,1991,1992,2028
3690,1991,2028,2027
3691,1992,1993,2029
3692,1992,2029,2028
3693,1993,2030,2029
3694,1995,1996,2031
3695,1996,1997,2032
3696,1996,2032,2031
3697,1997,1998,2033
3698,1997,2033,2032
3699,1998,1999,2034
3700,1998,2034,2033
3701,1999,2000,2035
3702,1999,2035,2034
3703,2000,2001,2036
3704,2000,2036,2035
3705,2001,2002,2037
3706,2001,2037,2036
3707,2002,2003,2038
3708,2002,2038,2037
3709,2003,2004,2039
3710,2003,2039,2038
3711,2004,2005,2040
3712,2004,2040,2039
3713,2005,2006,2041
3714,2005,2041,2040
3715,2006,2007,2042
3716,2006,2042,2041
3717,2007,2008,2043
3718,2007,2043,2042
3719,2008,2009,2044
3720,2008,2044,2043
3721,2009,2010,2045
3722,2009,2045,2044
3723,2010,2011,2046
3724,2010,2046,2045
3725,2011,2012,2047
3726,2011,2047,2046
3727,2012,2013,2048
3728,2012,2048,2047
3729,2013,2014,2049
3730,2013,2049,2048
3731,2014,2015,2050
3732,2014,2050,2049
3733,2015,2016,2051
3734,2015,2051,2050
3735,2016,2017,2052
3736,2016,2052,2051
3737,2017,2018,2053
3738,2017,2053,2052
3739,2018,2019,2054
3740,2018,2054,2053
3741,2019,2020,2055
3742,2019,2055,2054
3743,2020,2021,2056
3744,2020,2056,2055
3745,2021,2022,2057
3746,2021,2057,2056
3747,2022,2023,2058
3748,2022,2058,2057
3749,2023,2024,2059
3750,2023,2059,2058
3751,2024,2060,2059
3752,2025,2026,2061
3753,2026,2027,2062
3754,2026,2062,2061
3755,2027,2028,2063
3756,2027,2063,2062
3757,2028,2029,2064
3758,2028,2064,2063
3759,2029,2030,2065
3760,2029,2065,2064
3761,2030,2066,2065
3762,2032,2033,2067
3763,2033,2034,2068
3764,2033,2068,2067
3765,2034,2035,2069
3766,2034,2069,2068
3767,2035,2036,2070
3768,2035,2070,2069
3769,2036,2037,2071
3770,2036,2071,2070
3771,2037,2038,2072
3772,2037,2072,2071
3773,2038,2039,2073
3774,2038,2073,2072
3775,2039,2040,2074
3776,2039,2074,2073
3777,2040,2041,2075
3778,2040,2075,2074
3779,2041,2042,2076
3780,2041,2076,2075
3781,2042,2043,2077
3782,2042,2077,2076
3783,2043,2044,2078
3784,2043,2078,2077
3785,2044,2045,2079
3786,2044,2079,2078
3787,2045,2046,2080
3788,2045,2080,2079
3789,2046,2047,2081
3790,2046,2081,2080
3791,2047,2048,2082
3792,2047,2082,2081
3793,2048,2049,2083
3794,2048,2083,2082
3795,2049,2050,2084
3796,2049,2084,2083
3797,2050,2051,2085
3798,2050,2085,2084
3799,2051,2052,2086
3800,2051,2086,2085
3801,2052,2053,2087
3802,2052,2087,2086
3803,2053,2054,2088
3804,2053,2088,2087
3805,2054,2055,2089
3806,2054,2089,2088
3807,2055,2056,2090
3808,2055,2090,2089
3809,2056,2057,2091
3810,2056,2091,2090
3811,2057,2058,2092
3812,2057,2092,2091
3813,2058,2059,2093
3814,2058,2093,2092
3815,2059,2060,2094
3816,2059,2094,2093
3817,2060,2095,2094
3818,2061,2062,2096
3819,2062,2063,2097
3820,2062,2097,2096
3821,2063,2064,2098
3822,2063,2098,2097
3823,2064,2065,2099
3824,2064,2099,2098
3825,2065,2066,2100
3826,2065,2100,2099
3827,2066,2101,2100
3828,2069,2070,2102
3829,2070,2071,2103
3830,2070,2103,2102
3831,2071,2072,2104
3832,2071,2104,2103
3833,2072,2073,2105
3834,2072,2105,2104
3835,2073,2074,2106
3836,2073,2106,2105
3837,2074,2075,2107
3838,2074,2107,2106
3839,2075,2076,2108
3840,2075,2108,2107
3841,2076,2077,2109
3842,2076,2109,2108
3843,2077,2078,2110
3844,2077,2110,2109
3845,2078,2079,2111
3846,2078,2111,2110
3847,2079,2080,2112
3848,2079,2112,2111
3849,2080,2081,2113
3850,2080,2113,2112
3851,2081,2082,2114
3852,2081,2114,2113
3853,2082,2083,2115
3854,2082,2115,2114
3855,2083,2084,2116
3856,2083,2116,2115
3857,2084,2085,2117
3858,2084,2117,2116
3859,2085,2086,2118
3860,2085,2118,2117
3861,2086,2087,2119
3862,2086,2119,2118
3863,2087,2088,2120
3864,2087,2120,2119
3865,2088,2089,2121
3866,2088,2121,2120
3867,2089,2090,2122
3868,2089,2122,2121
3869,2090,2091,2123
3870,2090,2123,2122
3871,2091,2092,2124
3872,2091,2124,2123
3873,2092,2093,2125
3874,2092,2125,2124
3875,2093,2094,2126
3876,2093,2126,2125
3877,2094,2095,2127
3878,2094,2127,2126
3879,2095,2128,2127
3880,2102,2103,2129
3881,2103,2104,2130
3882,2103,2130,2129
3883,2104,2105,2131
3884,2104,2131,2130
3885,2105,2106,2132
3886,2105,2132,2131
3887,2106,2107,2133
3888,2106,2133,2132
3889,2107,2108,2134
3890,2107,2134,2133
3891,2108,2109,2135
3892,2108,2135,2134
3893,2109,2110,2136
3894,2109,2136,2135
3895,2110,2111,2137
3896,2110,2137,2136
3897,2111,2112,2138
3898,2111,2138,2137
3899,2112,2113,2139
3900,2112,2139,2138
3901,2113,2114,2140
3902,2113,2140,2139
3903,2114,2115,2141
3904,2114,2141,2140
3905,2115,2116,2142
3906,2115,2142,2141
3907,2116,2117,2143
3908,2116,2143,2142
3909,2117,2118,2144
3910,2117,2144,2143
3911,2118,2119,2145
3912,2118,2145,2144
3913,2119,2120,2146
3914,2119,2146,2145
3915,2120,2121,2147
3916,2120,2147,2146
3917,2121,2122,2148
3918,2121,2148,2147
3919,2122,2123,2149
3920,2122,2149,2148
3921,2123,2124,2150
3922,2123,2150,2149
3923,2124,2125,2151
3924,2124,2151,2150
3925,2125,2126,2152
3926,2125,2152,2151
3927,2126,2127,2153
3928,2126,2153,2152
3929,2127,2128,2154
3930,2127,2154,2153
3931,2128,2155,2154
3932,2129,2130,2159
3933,2129,2159,2158
3934,2130,2131,2160
3935,2130,2160,2159
3936,2131,2132,2161
3937,2131,2161,2160
3938,2132,2133,2162
3939,2132,2162,2161
3940,2133,2134,2163
3941,2133,2163,2162
3942,2134,2135,2164
3943,2134,2164,2163
3944,2135,2136,2165
3945,2135,2165,2164
3946,2136,2137,2166
3947,2136,2166,2165
3948,2137,2138,2167
3949,2137,2167,2166
3950,2138,2139,2168
3951,2138,2168,2167
3952,2139,2140,2169
3953,2139,2169,2168
3954,2140,2141,2170
3955,2140,2170,2169
3956,2141,2142,2171
3957,2141,2171,2170
3958,2142,2143,2172
3959,2142,2172,2171
3960,2143,2144,2173
3961,2143,2173,2172
3962,2144,2145,2174
3963,2144,2174,2173
3964,2145,2146,2175
3965,2145,2175,2174
3966,2146,2147,2176
3967,2146,2176,2175
3968,2147,2148,2177
3969,2147,2177,2176
3970,2148,2149,2178
3971,2148,2178,2177
3972,2149,2150,2179
3973,2149,2179,2178
3974,2150,2151,2180
3975,2150,2180,2179
3976,2151,2152,2181
3977,2151,2181,2180
3978,2152,2153,2182
3979,2152,2182,2181
3980,2153,2154,2183
3981,2153,2183,2182
3982,2154,2155,2184
3983,2154,2184,2183
3984,2155,2185,2184
3985,2156,2157,2187
3986,2156,2187,2186
3987,2157,2158,2188
3988,2157,2188,2187
3989,2158,2159,2189
3990,2158,2189,2188
3991,2159,2160,2190
3992,2159,2190,2189
3993,2160,2161,2191
3994,2160,2191,2190
3995,2161,2162,2192
3996,2161,2192,2191
3997,2162,2163,2193
3998,2162,2193,2192
3999,2163,2164,2194
4000,2163,2194,2193
4001,2164,2165,2195
4002,2164,2195,2194
4003,2165,2166,2196
4004,2165,2196,2195
4005,2166,2167,2197
4006,2166,2197,2196
4007,2167,2168,2198
4008,2167,2198,2197
4009,2168,2169,2199
4010,2168,2199,2198
4011,2169,2170,2200
4012,2169,2200,2199
4013,2170,2171,2201
4014,2170,2201,2200
4015,2171,2172,2202
4016,2171,2202,2201
4017,2172,2173,2203
4018,2172,2203,2202
4019,2173,2174,2204
4020,2173,2204,2203
4021,2174,2175,2205
4022,2174,2205,2204
4023,2175,2176,2206
4024,2175,2206,2205
4025,2176,2177,2207
4026,2176,2207,2206
4027,2177,2178,2208
4028,2177,2208,2207
4029,2178,2179,2209
4030,2178,2209,2208
4031,2179,2180,2210
4032,2179,2210,2209
4033,2180,2181,2211
4034,2180,2211,2210
4035,2181,2182,2212
4036,2181,2212,2211
4037,2182,2183,2213
4038,2182,2213,2212
4039,2183,2184,2214
4040,2183,2214,2213
4041,2184,2185,2215
4042,2184,2215,2214
4043,2185,2216,2215
4044,2186,2187,2217
4045,2187,2188,2218
4046,2187,2218,2217
4047,2188,2189,2219
4048,2188,2219,2218
4049,2189,2190,2220
4050,2189,2220,2219
4051,2190,2191,2221
4052,2190,2221,2220
4053,2191,2192,2222
4054,2191,2222,2221
4055,2192,2193,2223
4056,2192,2223,2222
4057,2193,2194,2224
4058,2193,2224,2223
4059,2194,2195,2225
4060,2194,2225,2224
4061,2195,2196,2226
4062,2195,2226,2225
4063,2196,2197,2227
4064,2196,2227,2226
4065,2197,2198,2228
4066,2197,2228,2227
4067,2198,2199,2229
4068,2198,2229,2228
4069,2199,2200,2230
4070,2199,2230,2229
4071,2200,2201,2231
4072,2200,2231,2230
4073,2201,2202,2232
4074,2201,2232,2231
4075,2202,2203,2233
4076,2202,2233,2232
4077,2203,2204,2234
4078,2203,2234,2233
4079,2204,2205,2235
4080,2204,2235,2234
4081,2205,2206,2236
4082,2205,2236,2235
4083,2206,2207,2237
4084,2206,2237,2236
4085,2207,2208,2238
4086,2207,2238,2237
4087,2208,2209,2239
4088,2208,2239,2238
4089,2209,2210,2240
4090,2209,2240,2239
4091,2210,2211,2241
4092,2210,2241,2240
4093,2211,2212,2242
4094,2211,2242,2241
4095,2212,2213,2243
4096,2212,2243,2242
4097,2213,2214,2244
4098,2213,2244,2243
4099,2214,2215,2245
4100,2214,2245,2244
4101,2215,2216,2246
4102,2215,2246,2245
4103,2216,2247,2246
4104,2217,2218,2248
4105,2218,2219,2249
4106,2218,2249,2248
4107,2219,2220,2250
4108,2219,2250,2249
4109,2220,2221,2251
4110,2220,2251,2250
4111,2221,2222,2252
4112,2221,2252,2251
4113,2222,2223,2253
4114,2222,2253,2252
4115,2223,2224,2254
4116,2223,2254,2253
4117,2224,2225,2255
4118,2224,2255,2254
4119,2225,2226,2256
4120,2225,2256,2255
4121,2226,2227,2257
4122,2226,2257,2256
4123,2227,2228,2258
4124,2227,2258,2257
4125,2228,2229,2259
4126,2228,2259,2258
4127,2229,2230,2260
4128,2229,2260,2259
4129,2230,2231,2261
4130,2230,2261,2260
4131,2231,2232,2262
4132,2231,2262,2261
4133,2232,2233,2263
4134,2232,2263,2262
4135,2233,2234,2264
4136,2233,2264,2263
4137,2234,2235,2265
4138,2234,2265,2264
4139,2235,2236,2266
4140,2235,2266,2265
4141,2236,2237,2267
4142,2236,2267,2266
4143,2237,2238,2268
4144,2237,2268,2267
4145,2238,2239,2269
4146,2238,2269,2268
4147,2239,2240,2270
4148,2239,2270,2269
4149,2240,2241,2271
4150,2240,2271,2270
4151,2241,2242,2272
4152,2241,2272,2271
4153,2242,2243,2273
4154,2242,2273,2272
4155,2243,2244,2274
4156,2243,2274,2273
4157,2244,2245,2275
4158,2244,2275,2274
4159,2245,2246,2276
4160,2245,2276,2275
4161,2246,2247,2277
4162,2246,2277,2276
4163,2247,2278,2277
4164,2248,2249,2279
4165,2249,2250,2280
4166,2249,2280,2279
4167,2250,2251,2281
4168,2250,2281,2280
4169,2251,2252,2282
4170,2251,2282,2281
4171,2255,2256,2283
4172,2256,2257,2284
4173,2256,2284,2283
4174,2257,2258,2285
4175,2257,2285,2284
4176,2258,2259,2286
4177,2258,2286,2285
4178,2259,2260,2287
4179,2259,2287,2286
4180,2260,2261,2288
4181,2260,2288,2287
4182,2261,2262,2289
4183,2261,2289,2288
4184,2262,2263,2290
4185,2262,2290,2289
4186,2263,2264,2291
4187,2263,2291,2290
4188,2264,2265,2292
4189,2264,2292,2291
4190,2265,2266,2293
4191,2265,2293,2292
4192,2266,2267,2294
4193,2266,2294,2293
4194,2267,2268,2295
4195,2267,2295,2294
4196,2268,2269,2296
4197,2268,2296,2295
4198,2269,2270,2297
4199,2269,2297,2296
4200,2270,2271,2298
4201,2270,2298,2297
4202,2271,2272,2299
4203,2271,2299,2298
4204,2272,2273,2300
4205,2272,2300,2299
4206,2273,2274,2301
4207,2273,2301,2300
4208,2274,2275,2302
4209,2274,2302,2301
4210,2275,2276,2303
4211,2275,2303,2302
4212,2276,2277,2304
4213,2276,2304,2303
4214,2277,2278,2305
4215,2277,2305,2304
4216,2278,2306,2305
4217,2279,2280,2309
4218,2279,2309,2308
4219,2280,2281,2310
4220,2280,2310,2309
4221,2281,2282,2311
4222,2281,2311,2310
4223,2282,2312,2311
4224,2283,2284,2313
4225,2284,2285,2314
4226,2284,2314,2313
4227,2285,2286,2315
4228,2285,2315,2314
4229,2286,2287,2316
4230,2286,2316,2315
4231,2287,2288,2317
4232,2287,2317,2316
4233,2288,2289,2318
4234,2288,2318,2317
4235,2289,2290,2319
4236,2289,2319,2318
4237,2290,2291,2320
4238,2290,2320,2319
4239,2291,2292,2321
4240,2291,2321,2320
4241,2292,2293,2322
4242,2292,2322,2321
4243,2293,2294,2323
4244,2293,2323,2322
4245,2294,2295,2324
4246,2294,2324,2323
4247,2295,2296,2325
4248,2295,2325,2324
4249,2296,2297,2326
4250,2296,2326,2325
4251,2297,2298,2327
4252,2297,2327,2326
4253,2298,2299,2328
4254,2298,2328,2327
4255,2299,2300,2329
4256,2299,2329,2328
4257,2300,2301,2330
4258,2300,2330,2329
4259,2301,2302,2331
4260,2301,2331,2330
4261,2302,2303,2332
4262,2302,2332,2331
4263,2303,2304,2333
4264,2303,2333,2332
4265,2304,2305,2334
4266,2304,2334,2333
4267,2305,2306,2335
4268,2305,2335,2334
4269,2306,2336,2335
4270,2307,2308,2337
4271,2308,2309,2338
4272,2308,2338,2337
4273,2309,2310,2339
4274,2309,2339,2338
4275,2310,2311,2340
4276,2310,2340,2339
4277,2311,2312,2341
4278,2311,2341,2340
4279,2314,2315,2342
4280,2315,2316,2343
4281,2315,2343,2342
4282,2316,2317,2344
4283,2316,2344,2343
4284,2317,2318,2345
4285,2317,2345,2344
4286,2318,2319,2346
4287,2318,2346,2345
4288,2319,2320,2347
4289,2319,2347,2346
4290,2320,2321,2348
4291,2320,2348,2347
4292,2321,2322,2349
4293,2321,2349,2348
4294,2322,2323,2350
4295,2322,2350,2349
4296,2323,2324,2351
4297,2323,2351,2350
4298,2324,2325,2352
4299,2324,2352,2351
4300,2325,2326,2353
4301,2325,2353,2352
4302,2326,2327,2354
4303,2326,2354,2353
4304,2327,2328,2355
4305,2327,2355,2354
4306,2328,2329,2356
4307,2328,2356,2355
4308,2329,2330,2357
4309,2329,2357,2356
4310,2330,2331,2358
4311,2330,2358,2357
4312,2331,2332,2359
4313,2331,2359,2358
4314,2332,2333,2360
4315,2332,2360,2359
4316,2333,2334,2361
4317,2333,2361,2360
4318,2334,2335,2362
4319,2334,2362,2361
4320,2335,2336,2363
4321,2335,2363,2362
4322,2336,2364,2363
4323,2343,2344,2365
4324,2344,2345,2366
4325,2344,2366,2365
4326,2345,2346,2367
4327,2345,2367,2366
4328,2346,2347,2368
4329,2346,2368,2367
4330,2347,2348,2369
4331,2347,2369,2368
4332,2348,2349,2370
4333,2348,2370,2369
4334,2349,2350,2371
4335,2349,2371,2370
4336,2350,2351,2372
4337,2350,2372,2371
4338,2351,2352,2373
4339,2351,2373,2372
4340,2352,2353,2374
4341,2352,2374,2373
4342,2353,2354,2375
4343,2353,2375,2374
4344,2354,2355,2376
4345,2354,2376,2375
4346,2355,2356,2377
4347,2355,2377,2376
4348,2356,2357,2378
4349,2356,2378,2377
4350,2357,2358,2379
4351,2357,2379,2378
4352,2358,2359,2380
4353,2358,2380,2379
4354,2359,2360,2381
4355,2359,2381,2380
4356,2360,2361,2382
4357,2360,2382,2381
4358,2361,2362,2383
4359,2361,2383,2382
4360,2362,2363,2384
4361,2362,2384,2383
4362,2363,2364,2385
4363,2363,2385,2384
4364,2366,2367,2387
4365,2367,2368,2388
4366,2367,2388,2387
4367,2369,2370,2389
4368,2370,2371,2390
4369,2370,2390,2389
4370,2371,2372,2391
4371,2371,2391,2390
4372,2372,2373,2392
4373,2372,2392,2391
4374,2373,2374,2393
4375,2373,2393,2392
4376,2374,2375,2394
4377,2374,2394,2393
4378,2375,2376,2395
4379,2375,2395,2394
4380,2376,2377,2396
4381,2376,2396,2395
4382,2377,2378,2397
4383,2377,2397,2396
4384,2378,2379,2398
4385,2378,2398,2397
4386,2379,2380,2399
4387,2379,2399,2398
4388,2380,2381,2400
4389,2380,2400,2399
4390,2381,2382,2401
4391,2381,2401,2400
4392,2382,2383,2402
4393,2382,2402,2401
4394,2383,2384,2403
4395,2383,2403,2402
4396,2384,2385,2404
4397,2384,2404,2403
4398,2385,2405,2404
4399,2390,2391,2407
4400,2391,2392,2408
4401,2391,2408,2407
4402,2392,2393,2409
4403,2392,2409,2408
4404,2393,2394,2410
4405,2393,2410,2409
4406,2394,2395,2411
4407,2394,2411,2410
4408,2395,2396,2412
4409,2395,2412,2411
4410,2396,2397,2413
4411,2396,2413,2412
4412,2397,2398,2414
4413,2397,2414,2413
4414,2398,2399,2415
4415,2398,2415,2414
4416,2399,2400,2416
4417,2399,2416,2415
4418,2400,2401,2417
4419,2400,2417,2416
4420,2401,2402,2418
4421,2401,2418,2417
4422,2402,2403,2419
4423,2402,2419,2418
4424,2403,2404,2420
4425,2403,2420,2419
4426,2404,2405,2421
4427,2404,2421,2420
4428,2405,2422,2421
4429,2407,2408,2423
4430,2408,2409,2424
4431,2408,2424,2423
4432,2409,2410,2425
4433,2409,2425,2424
4434,2410,2411,2426
4435,2410,2426,2425
4436,2411,2412,2427
4437,2411,2427,2426
4438,2412,2413,2428
4439,2412,2428,2427
4440,2413,2414,2429
4441,2413,2429,2428
4442,2414,2415,2430
4443,2414,2430,2429
4444,2415,2416,2431
4445,2415,2431,2430
4446,2416,2417,2432
4447,2416,2432,2431
4448,2417,2418,2433
4449,2417,2433,2432
4450,2418,2419,2434
4451,2418,2434,2433
4452,2419,2420,2435
4453,2419,2435,2434
4454,2420,2421,2436
4455,2420,2436,2435
4456,2421,2422,2437
4457,2421,2437,2436
4458,2422,2438,2437
4459,2423,2424,2439
4460,2424,2425,2440
4461,2424,2440,2439
4462,2425,2426,2441
4463,2425,2441,2440
4464,2426,2427,2442
4465,2426,2442,2441
4466,2427,2428,2443
4467,2427,2443,2442
4468,2428,2429,2444
4469,2428,2444,2443
4470,2429,2430,2445
4471,2429,2445,2444
4472,2430,2431,2446
4473,2430,2446,2445
4474,2431,2432,2447
4475,2431,2447,2446
4476,2432,2433,2448
4477,2432,2448,2447
4478,2433,2434,2449
4479,2433,2449,2448
4480,2434,2435,2450
4481,2434,2450,2449
4482,2435,2436,2451
4483,2435,2451,2450
4484,2436,2437,2452
4485,2436,2452,2451
4486,2437,2438,2453
4487,2437,2453,2452
4488,2438,2454,2453
4489,2439,2440,2455
4490,2440,2441,2456
4491,2440,2456,2455
4492,2441,2442,2457
4493,2441,2457,2456
4494,2442,2443,2458
4495,2442,2458,2457
4496,2443,2444,2459
4497,2443,2459,2458
4498,2444,2445,2460
4499,2444,2460,2459
4500,2445,2446,2461
4501,2445,2461,2460
4502,2446,2447,2462
4503,2446,2462,2461
4504,2447,2448,2463
4505,2447,2463,2462
4506,2448,2449,2464
4507,2448,2464,2463
4508,2449,2450,2465
4509,2449,2465,2464
4510,2450,2451,2466
4511,2450,2466,2465
4512,2451,2452,2467
4513,2451,2467,2466
4514,2452,2453,2468
4515,2452,2468,2467
4516,2453,2454,2469
4517,2453,2469,2468
4518,2454,2470,2469
4519,2455,2456,2471
4520,2456,2457,2472
4521,2456,2472,2471
4522,2457,2458,2473
4523,2457,2473,2472
4524,2458,2459,2474
4525,2458,2474,2473
4526,2459,2460,2475
4527,2459,2475,2474
4528,2460,2461,2476
4529,2460,2476,2475
4530,2461,2462,2477
4531,2461,2477,2476
4532,2462,2463,2478
4533,2462,2478,2477
4534,2463,2464,2479
4535,2463,2479,2478
4536,2464,2465,2480
4537,2464,2480,2479
4538,2465,2466,2481
4539,2465,2481,2480
4540,2466,2467,2482
4541,2466,2482,2481
4542,2467,2468,2483
4543,2467,2483,2482
4544,2468,2469,2484
4545,2468,2484,2483
4546,2469,2470,2485
4547,2469,2485,2484
4548,2470,2486,2485
